day,month,year,Temperature,RH,Ws,Rain,FFMC,DMC,DC,ISI,BUI,FWI,Classes,Region
1,6,2012,29.0,57.0,18.0,0.0,65.7,3.4,7.6,1.3,3.4,0.5,not fire,Karnataka
2,6,2012,29.0,61.0,13.0,1.3,64.4,4.1,7.6,1.0,3.9,0.4,not fire,Karnataka
3,6,2012,26.0,82.0,22.0,13.1,47.1,2.5,7.1,0.3,2.7,0.1,not fire,Karnataka
4,6,2012,25.0,89.0,13.0,2.5,28.6,1.3,6.9,0.0,1.7,0.0,not fire,Karnataka
5,6,2012,27.0,77.0,16.0,0.0,64.8,3.0,14.2,1.2,3.9,0.5,not fire,Karnataka
6,6,2012,31.0,67.0,14.0,0.0,82.6,5.8,22.2,3.1,7.0,2.5,fire,Karnataka
7,6,2012,33.0,54.0,13.0,0.0,88.2,9.9,30.5,6.4,10.9,7.2,fire,Karnataka
8,6,2012,30.0,73.0,15.0,0.0,86.6,12.1,38.3,5.6,13.5,7.1,fire,Karnataka
9,6,2012,25.0,88.0,13.0,0.2,52.9,7.9,38.8,0.4,10.5,0.3,not fire,Karnataka
10,6,2012,28.0,79.0,12.0,0.0,73.2,9.5,46.3,1.3,12.6,0.9,not fire,Karnataka
11,6,2012,31.0,65.0,14.0,0.0,84.5,12.5,54.3,4.0,15.8,5.6,fire,Karnataka
12,6,2012,26.0,81.0,19.0,0.0,84.0,13.8,61.4,4.8,17.7,7.1,fire,Karnataka
13,6,2012,27.0,84.0,21.0,1.2,50.0,6.7,17.0,0.5,6.7,0.2,not fire,Karnataka
14,6,2012,30.0,78.0,20.0,0.5,59.0,4.6,7.8,1.0,4.4,0.4,not fire,Karnataka
15,6,2012,28.0,80.0,17.0,3.1,49.4,3.0,7.4,0.4,3.0,0.1,not fire,Karnataka
16,6,2012,29.0,89.0,13.0,0.7,36.1,1.7,7.6,0.0,2.2,0.0,not fire,Karnataka
17,6,2012,30.0,89.0,16.0,0.6,37.3,1.1,7.8,0.0,1.6,0.0,not fire,Karnataka
18,6,2012,31.0,78.0,14.0,0.3,56.9,1.9,8.0,0.7,2.4,0.2,not fire,Karnataka
19,6,2012,31.0,55.0,16.0,0.1,79.9,4.5,16.0,2.5,5.3,1.4,not fire,Karnataka
20,6,2012,30.0,80.0,16.0,0.4,59.8,3.4,27.1,0.9,5.1,0.4,not fire,Karnataka
21,6,2012,30.0,78.0,14.0,0.0,81.0,6.3,31.6,2.6,8.4,2.2,fire,Karnataka
22,6,2012,31.0,67.0,17.0,0.1,79.1,7.0,39.5,2.4,9.7,2.3,not fire,Karnataka
23,6,2012,32.0,62.0,18.0,0.1,81.4,8.2,47.7,3.3,11.5,3.8,fire,Karnataka
24,6,2012,32.0,66.0,17.0,0.0,85.9,11.2,55.8,5.6,14.9,7.5,fire,Karnataka
25,6,2012,31.0,64.0,15.0,0.0,86.7,14.2,63.8,5.7,18.3,8.4,fire,Karnataka
26,6,2012,31.0,64.0,18.0,0.0,86.8,17.8,71.8,6.7,21.6,10.6,fire,Karnataka
27,6,2012,34.0,53.0,18.0,0.0,89.0,21.6,80.3,9.2,25.8,15.0,fire,Karnataka
28,6,2012,32.0,55.0,14.0,0.0,89.1,25.5,88.5,7.6,29.7,13.9,fire,Karnataka
29,6,2012,32.0,47.0,13.0,0.3,79.9,18.4,84.4,2.2,23.8,3.9,not fire,Karnataka
30,6,2012,33.0,50.0,14.0,0.0,88.7,22.9,92.8,7.2,28.3,12.9,fire,Karnataka
1,7,2012,29.0,68.0,19.0,1.0,59.9,2.5,8.6,1.1,2.9,0.4,not fire,Karnataka
2,7,2012,27.0,75.0,19.0,1.2,55.7,2.4,8.3,0.8,2.8,0.3,not fire,Karnataka
3,7,2012,32.0,76.0,20.0,0.7,63.1,2.6,9.2,1.3,3.0,0.5,not fire,Karnataka
4,7,2012,33.0,78.0,17.0,0.0,80.1,4.6,18.5,2.7,5.7,1.7,not fire,Karnataka
5,7,2012,33.0,66.0,14.0,0.0,85.9,7.6,27.9,4.8,9.1,4.9,fire,Karnataka
6,7,2012,32.0,63.0,14.0,0.0,87.0,10.9,37.0,5.6,12.5,6.8,fire,Karnataka
7,7,2012,35.0,64.0,18.0,0.2,80.0,9.7,40.4,2.8,12.1,3.2,not fire,Karnataka
8,7,2012,33.0,68.0,19.0,0.0,85.6,12.5,49.8,6.0,15.4,8.0,fire,Karnataka
9,7,2012,32.0,68.0,14.0,1.4,66.6,7.7,9.2,1.1,7.4,0.6,not fire,Karnataka
10,7,2012,33.0,69.0,13.0,0.7,66.6,6.0,9.3,1.1,5.8,0.5,not fire,Karnataka
11,7,2012,33.0,76.0,14.0,0.0,81.1,8.1,18.7,2.6,8.1,2.2,not fire,Karnataka
12,7,2012,31.0,75.0,13.0,0.1,75.1,7.9,27.7,1.5,9.2,0.9,not fire,Karnataka
13,7,2012,34.0,81.0,15.0,0.0,81.8,9.7,37.2,3.0,11.7,3.4,not fire,Karnataka
14,7,2012,34.0,61.0,13.0,0.6,73.9,7.8,22.9,1.4,8.4,0.8,not fire,Karnataka
15,7,2012,30.0,80.0,19.0,0.4,60.7,5.2,17.0,1.1,5.9,0.5,not fire,Karnataka
16,7,2012,28.0,76.0,21.0,0.0,72.6,7.0,25.5,0.7,8.3,0.4,not fire,Karnataka
17,7,2012,29.0,70.0,14.0,0.0,82.8,9.4,34.1,3.2,11.1,3.6,fire,Karnataka
18,7,2012,31.0,68.0,14.0,0.0,85.4,12.1,43.1,4.6,14.2,6.0,fire,Karnataka
19,7,2012,35.0,59.0,17.0,0.0,88.1,12.0,52.8,7.7,18.2,10.9,fire,Karnataka
20,7,2012,33.0,65.0,15.0,0.1,81.4,12.3,62.1,2.8,16.5,4.0,fire,Karnataka
21,7,2012,33.0,70.0,17.0,0.0,85.4,18.5,71.5,5.2,22.4,8.8,fire,Karnataka
22,7,2012,28.0,79.0,18.0,0.1,73.4,16.4,79.9,1.8,21.7,2.8,not fire,Karnataka
23,7,2012,27.0,66.0,22.0,0.4,68.2,10.5,71.3,1.8,15.4,2.1,not fire,Karnataka
24,7,2012,28.0,78.0,16.0,0.1,70.0,9.6,79.7,1.4,14.7,1.3,not fire,Karnataka
25,7,2012,31.0,65.0,18.0,0.0,84.3,12.5,88.7,4.8,18.5,7.3,fire,Karnataka
26,7,2012,36.0,53.0,19.0,0.0,89.2,17.1,98.6,10.0,23.9,15.3,fire,Karnataka
27,7,2012,36.0,48.0,13.0,0.0,90.3,22.2,108.5,8.7,29.4,15.3,fire,Karnataka
28,7,2012,33.0,76.0,15.0,0.0,86.5,24.4,117.8,5.6,32.1,11.3,fire,Karnataka
29,7,2012,32.0,73.0,15.0,0.0,86.6,26.7,127.0,5.6,35.0,11.9,fire,Karnataka
30,7,2012,31.0,79.0,15.0,0.0,85.4,28.5,136.0,4.7,37.4,10.7,fire,Karnataka
31,7,2012,35.0,64.0,17.0,0.0,87.2,31.9,145.7,6.8,41.2,15.7,fire,Karnataka
1,8,2012,36.0,45.0,14.0,0.0,78.8,4.8,10.2,2.0,4.7,0.9,not fire,Karnataka
2,8,2012,35.0,55.0,12.0,0.4,78.0,5.8,10.0,1.7,5.5,0.8,not fire,Karnataka
3,8,2012,35.0,63.0,14.0,0.3,76.6,5.7,10.0,1.7,5.5,0.8,not fire,Karnataka
4,8,2012,34.0,69.0,13.0,0.0,85.0,8.2,19.8,4.0,8.2,3.9,fire,Karnataka
5,8,2012,34.0,65.0,13.0,0.0,86.8,11.1,29.7,5.2,11.5,6.1,fire,Karnataka
6,8,2012,32.0,75.0,14.0,0.0,86.4,13.0,39.1,5.2,14.2,6.8,fire,Karnataka
7,8,2012,32.0,69.0,16.0,0.0,86.5,15.5,48.6,5.5,17.2,8.0,fire,Karnataka
8,8,2012,32.0,60.0,18.0,0.3,77.1,11.3,47.0,2.2,14.1,2.6,not fire,Karnataka
9,8,2012,35.0,59.0,17.0,0.0,87.4,14.8,57.0,6.9,17.9,9.9,fire,Karnataka
10,8,2012,35.0,55.0,14.0,0.0,88.9,18.6,67.0,7.4,21.9,11.6,fire,Karnataka
11,8,2012,35.0,63.0,13.0,0.0,88.9,21.7,77.0,7.1,25.5,12.1,fire,Karnataka
12,8,2012,35.0,51.0,13.0,0.3,81.3,15.6,75.1,2.5,20.7,4.2,not fire,Karnataka
13,8,2012,35.0,63.0,15.0,0.0,87.0,19.0,85.1,5.9,24.4,10.2,fire,Karnataka
14,8,2012,33.0,66.0,14.0,0.0,87.0,21.7,94.7,5.7,27.2,10.6,fire,Karnataka
15,8,2012,36.0,55.0,13.0,0.3,82.4,15.6,92.5,3.7,22.0,6.3,fire,Karnataka
16,8,2012,36.0,61.0,18.0,0.3,80.2,11.7,90.4,2.8,17.6,4.2,fire,Karnataka
17,8,2012,37.0,52.0,18.0,0.0,89.3,16.0,100.7,9.7,22.9,14.6,fire,Karnataka
18,8,2012,36.0,54.0,18.0,0.0,89.4,20.0,110.9,9.7,27.5,16.1,fire,Karnataka
19,8,2012,35.0,62.0,19.0,0.0,89.4,23.2,120.9,9.7,31.3,17.2,fire,Karnataka
20,8,2012,35.0,68.0,19.0,0.0,88.3,25.9,130.6,8.8,34.7,16.8,fire,Karnataka
21,8,2012,36.0,58.0,19.0,0.0,88.6,29.6,141.1,9.2,38.8,18.4,fire,Karnataka
22,8,2012,36.0,55.0,18.0,0.0,89.1,33.5,151.3,9.9,43.1,20.4,fire,Karnataka
23,8,2012,36.0,53.0,16.0,0.0,89.5,37.6,161.5,10.4,47.5,22.3,fire,Karnataka
24,8,2012,34.0,64.0,14.0,0.0,88.9,40.5,171.3,9.0,50.9,20.9,fire,Karnataka
25,8,2012,35.0,60.0,15.0,0.0,88.9,43.9,181.3,8.2,54.7,20.3,fire,Karnataka
26,8,2012,31.0,78.0,18.0,0.0,85.8,45.6,190.6,4.7,57.1,13.7,fire,Karnataka
27,8,2012,33.0,82.0,21.0,0.0,84.9,47.0,200.2,4.4,59.3,13.2,fire,Karnataka
28,8,2012,34.0,64.0,16.0,0.0,89.4,50.2,210.4,7.3,62.9,19.9,fire,Karnataka
29,8,2012,35.0,48.0,18.0,0.0,90.1,54.2,220.4,12.5,67.4,30.2,fire,Karnataka
30,8,2012,35.0,70.0,17.0,0.8,72.7,25.2,180.4,1.7,37.4,4.2,not fire,Karnataka
31,8,2012,28.0,80.0,21.0,16.8,52.5,8.7,8.7,0.6,8.3,0.3,not fire,Karnataka
1,9,2012,25.0,76.0,17.0,7.2,46.0,1.3,7.5,0.2,1.8,0.1,not fire,Karnataka
2,9,2012,22.0,86.0,15.0,10.1,30.5,0.7,7.0,0.0,1.1,0.0,not fire,Karnataka
3,9,2012,25.0,78.0,15.0,3.8,42.6,1.2,7.5,0.1,1.7,0.0,not fire,Karnataka
4,9,2012,29.0,73.0,17.0,0.1,68.4,1.9,15.7,1.4,2.9,0.5,not fire,Karnataka
5,9,2012,29.0,75.0,16.0,0.0,80.8,3.4,24.0,2.8,5.1,1.7,fire,Karnataka
6,9,2012,29.0,74.0,19.0,0.1,75.8,3.6,32.2,2.1,5.6,0.9,not fire,Karnataka
7,9,2012,31.0,71.0,17.0,0.3,69.6,3.2,30.1,1.5,5.1,0.6,not fire,Karnataka
8,9,2012,30.0,73.0,17.0,0.9,62.0,2.6,8.4,1.1,3.0,0.4,not fire,Karnataka
9,9,2012,30.0,77.0,15.0,1.0,56.1,2.1,8.4,0.7,2.6,0.2,not fire,Karnataka
10,9,2012,33.0,73.0,12.0,1.8,59.9,2.2,8.9,0.7,2.7,0.3,not fire,Karnataka
11,9,2012,30.0,77.0,21.0,1.8,58.5,1.9,8.4,1.1,2.4,0.3,not fire,Karnataka
12,9,2012,29.0,88.0,13.0,0.0,71.0,2.6,16.6,1.2,3.7,0.5,not fire,Karnataka
13,9,2012,25.0,86.0,21.0,4.6,40.9,1.3,7.5,0.1,1.8,0.0,not fire,Karnataka
14,9,2012,22.0,76.0,26.0,8.3,47.4,1.1,7.0,0.4,1.6,0.1,not fire,Karnataka
15,9,2012,24.0,82.0,15.0,0.4,44.9,0.9,7.3,0.2,1.4,0.0,not fire,Karnataka
16,9,2012,30.0,65.0,14.0,0.0,78.1,3.2,15.7,1.9,4.2,0.8,not fire,Karnataka
17,9,2012,31.0,52.0,14.0,0.0,87.7,6.4,24.3,6.2,7.7,5.9,fire,Karnataka
18,9,2012,32.0,49.0,11.0,0.0,89.4,9.8,33.1,6.8,11.3,7.7,fire,Karnataka
19,9,2012,29.0,57.0,14.0,0.0,89.3,12.5,41.3,7.8,14.2,9.7,fire,Karnataka
20,9,2012,28.0,84.0,18.0,0.0,83.8,13.5,49.3,4.5,16.0,6.3,fire,Karnataka
21,9,2012,31.0,55.0,11.0,0.0,87.8,16.5,57.9,5.4,19.2,8.3,fire,Karnataka
22,9,2012,31.0,50.0,19.0,0.6,77.8,10.6,41.4,2.4,12.9,2.8,not fire,Karnataka
23,9,2012,32.0,54.0,11.0,0.5,73.7,7.9,30.4,1.2,9.6,0.7,not fire,Karnataka
24,9,2012,29.0,65.0,19.0,0.6,68.3,5.5,15.2,1.5,5.8,0.7,not fire,Karnataka
25,9,2012,26.0,81.0,21.0,5.8,48.6,3.0,7.7,0.4,3.0,0.1,not fire,Karnataka
26,9,2012,31.0,54.0,11.0,0.0,82.0,6.0,16.3,2.5,6.2,1.7,not fire,Karnataka
27,9,2012,31.0,66.0,11.0,0.0,85.7,8.3,24.9,4.0,9.0,4.1,fire,Karnataka
28,9,2012,32.0,47.0,14.0,0.7,77.5,7.1,8.8,1.8,6.8,0.9,not fire,Karnataka
29,9,2012,26.0,80.0,16.0,1.8,47.4,2.9,7.7,0.3,3.0,0.1,not fire,Karnataka
30,9,2012,25.0,78.0,14.0,1.4,45.0,1.9,7.5,0.2,2.4,0.1,not fire,Karnataka
1,6,2012,32.0,71.0,12.0,0.7,57.1,2.5,8.2,0.6,2.8,0.2,not fire,Andhra Pradesh
2,6,2012,30.0,73.0,13.0,4.0,55.7,2.7,7.8,0.6,2.9,0.2,not fire,Andhra Pradesh
3,6,2012,29.0,80.0,14.0,2.0,48.7,2.2,7.6,0.3,2.6,0.1,not fire,Andhra Pradesh
4,6,2012,30.0,64.0,14.0,0.0,79.4,5.2,15.4,2.2,5.6,1.0,not fire,Andhra Pradesh
5,6,2012,32.0,60.0,14.0,0.2,77.1,6.0,17.6,1.8,6.5,0.9,not fire,Andhra Pradesh
6,6,2012,35.0,54.0,11.0,0.1,83.7,8.4,26.3,3.1,9.3,3.1,fire,Andhra Pradesh
7,6,2012,35.0,44.0,17.0,0.2,85.6,9.9,28.9,5.4,10.7,6.0,fire,Andhra Pradesh
8,6,2012,28.0,51.0,17.0,1.3,71.4,7.7,7.4,1.5,7.3,0.8,not fire,Andhra Pradesh
9,6,2012,27.0,59.0,18.0,0.1,78.1,8.5,14.7,2.4,8.3,1.9,not fire,Andhra Pradesh
10,6,2012,30.0,41.0,15.0,0.0,89.4,13.3,22.5,8.4,13.1,10.0,fire,Andhra Pradesh
11,6,2012,31.0,42.0,21.0,0.0,90.6,18.2,30.5,13.4,18.0,16.7,fire,Andhra Pradesh
12,6,2012,27.0,58.0,17.0,0.0,88.9,21.3,37.8,8.7,21.2,12.9,fire,Andhra Pradesh
13,6,2012,30.0,52.0,15.0,2.0,72.3,11.4,7.8,1.4,10.9,0.9,not fire,Andhra Pradesh
14,6,2012,27.0,79.0,16.0,0.7,53.4,6.4,7.3,0.5,6.1,0.3,not fire,Andhra Pradesh
15,6,2012,28.0,90.0,15.0,0.0,66.8,7.2,14.7,1.2,7.1,0.6,not fire,Andhra Pradesh
16,6,2012,29.0,87.0,15.0,0.4,47.4,4.2,8.0,0.2,4.1,0.1,not fire,Andhra Pradesh
17,6,2012,31.0,69.0,17.0,4.7,62.2,3.9,8.0,1.1,3.8,0.4,not fire,Andhra Pradesh
18,6,2012,33.0,62.0,10.0,8.7,65.5,4.6,8.3,0.9,4.4,0.4,not fire,Andhra Pradesh
19,6,2012,32.0,67.0,14.0,4.5,64.6,4.4,8.2,1.0,4.2,0.4,not fire,Andhra Pradesh
20,6,2012,31.0,72.0,14.0,0.2,60.2,3.8,8.0,0.8,3.7,0.3,not fire,Andhra Pradesh
21,6,2012,32.0,55.0,14.0,0.0,86.2,8.3,18.4,5.0,8.2,4.9,fire,Andhra Pradesh
22,6,2012,33.0,46.0,14.0,1.1,78.3,8.1,8.3,1.9,7.7,1.2,not fire,Andhra Pradesh
23,6,2012,33.0,59.0,16.0,0.8,74.2,7.0,8.3,1.6,6.7,0.8,not fire,Andhra Pradesh
24,6,2012,35.0,68.0,16.0,0.0,85.3,10.0,17.0,4.9,9.9,5.3,fire,Andhra Pradesh
25,6,2012,34.0,70.0,16.0,0.0,86.0,12.8,25.6,5.4,12.7,6.7,fire,Andhra Pradesh
26,6,2012,36.0,62.0,16.0,0.0,87.8,16.5,34.5,7.0,16.4,9.5,fire,Andhra Pradesh
27,6,2012,36.0,55.0,15.0,0.0,89.1,20.9,43.3,8.0,20.8,12.0,fire,Andhra Pradesh
28,6,2012,37.0,37.0,13.0,0.0,92.5,27.2,52.4,11.7,27.1,18.4,fire,Andhra Pradesh
29,6,2012,37.0,36.0,13.0,0.6,86.2,17.9,36.7,4.8,17.8,7.2,fire,Andhra Pradesh
30,6,2012,34.0,42.0,15.0,1.7,79.7,12.0,8.5,2.2,11.5,2.2,not fire,Andhra Pradesh
1,7,2012,28.0,58.0,18.0,2.2,63.7,3.2,8.5,1.2,3.3,0.5,not fire,Andhra Pradesh
2,7,2012,33.0,48.0,16.0,0.0,87.6,7.9,17.8,6.8,7.8,6.4,fire,Andhra Pradesh
3,7,2012,34.0,56.0,17.0,0.1,84.7,9.7,27.3,4.7,10.3,5.2,fire,Andhra Pradesh
4,7,2012,34.0,58.0,18.0,0.0,88.0,13.6,36.8,8.0,14.1,9.9,fire,Andhra Pradesh
5,7,2012,34.0,45.0,18.0,0.0,90.5,18.7,46.4,11.3,18.7,15.0,fire,Andhra Pradesh
6,7,2012,35.0,42.0,15.0,0.3,84.7,15.5,45.1,4.3,16.7,6.3,fire,Andhra Pradesh
7,7,2012,38.0,43.0,13.0,0.5,85.0,13.0,35.4,4.1,13.7,5.2,fire,Andhra Pradesh
8,7,2012,35.0,47.0,18.0,6.0,80.8,9.8,9.7,3.1,9.4,3.0,fire,Andhra Pradesh
9,7,2012,36.0,43.0,15.0,1.9,82.3,9.4,9.9,3.2,9.0,3.1,fire,Andhra Pradesh
10,7,2012,34.0,51.0,16.0,3.8,77.5,8.0,9.5,2.0,7.7,1.3,not fire,Andhra Pradesh
11,7,2012,34.0,56.0,15.0,2.9,74.8,7.1,9.5,1.6,6.8,0.8,not fire,Andhra Pradesh
12,7,2012,36.0,44.0,13.0,0.0,90.1,12.6,19.4,8.3,12.5,9.6,fire,Andhra Pradesh
13,7,2012,39.0,45.0,13.0,0.6,85.2,11.3,10.4,4.2,10.9,4.7,fire,Andhra Pradesh
14,7,2012,37.0,37.0,18.0,0.2,88.9,12.9,14.6,12.5,10.4,9.0,fire,Andhra Pradesh
15,7,2012,34.0,45.0,17.0,0.0,90.5,18.0,24.1,10.9,17.7,14.1,fire,Andhra Pradesh
16,7,2012,31.0,83.0,17.0,0.0,84.5,19.4,33.1,4.7,19.2,7.3,fire,Andhra Pradesh
17,7,2012,32.0,81.0,17.0,0.0,84.6,21.1,42.3,4.7,20.9,7.7,fire,Andhra Pradesh
18,7,2012,33.0,68.0,15.0,0.0,86.1,23.9,51.6,5.2,23.9,9.1,fire,Andhra Pradesh
19,7,2012,34.0,58.0,16.0,0.0,88.1,27.8,61.1,7.3,27.7,13.0,fire,Andhra Pradesh
20,7,2012,36.0,50.0,16.0,0.0,89.9,32.7,71.0,9.5,32.6,17.3,fire,Andhra Pradesh
21,7,2012,36.0,29.0,18.0,0.0,93.9,39.6,80.6,18.5,39.5,30.0,fire,Andhra Pradesh
22,7,2012,32.0,48.0,18.0,0.0,91.5,44.2,90.1,13.2,44.0,25.4,fire,Andhra Pradesh
23,7,2012,31.0,71.0,17.0,0.0,87.3,46.6,99.0,6.9,46.5,16.3,fire,Andhra Pradesh
24,7,2012,33.0,63.0,17.0,1.1,72.8,20.9,56.6,1.6,21.7,2.5,not fire,Andhra Pradesh
25,7,2012,39.0,64.0,9.0,1.2,73.8,11.7,15.9,1.1,11.4,0.7,not fire,Andhra Pradesh
26,7,2012,35.0,58.0,10.0,0.2,78.3,10.8,19.7,1.6,10.7,1.0,not fire,Andhra Pradesh
27,7,2012,29.0,87.0,18.0,0.0,80.0,11.8,28.3,2.8,11.8,3.2,not fire,Andhra Pradesh
28,7,2012,33.0,57.0,16.0,0.0,87.5,15.7,37.6,6.7,15.7,9.0,fire,Andhra Pradesh
29,7,2012,34.0,59.0,16.0,0.0,88.1,19.5,47.2,7.4,19.5,10.9,fire,Andhra Pradesh
30,7,2012,36.0,56.0,16.0,0.0,88.9,23.8,57.1,8.2,23.8,13.2,fire,Andhra Pradesh
31,7,2012,37.0,55.0,15.0,0.0,89.3,28.3,67.2,8.3,28.3,14.5,fire,Andhra Pradesh
1,8,2012,38.0,52.0,14.0,0.0,78.3,4.4,10.5,2.0,4.4,0.8,not fire,Andhra Pradesh
2,8,2012,40.0,34.0,14.0,0.0,93.3,10.8,21.4,13.8,10.6,13.5,fire,Andhra Pradesh
3,8,2012,39.0,33.0,17.0,0.0,93.7,17.1,32.1,17.2,16.9,19.5,fire,Andhra Pradesh
4,8,2012,38.0,35.0,15.0,0.0,93.8,23.0,42.7,15.7,22.9,20.9,fire,Andhra Pradesh
5,8,2012,34.0,42.0,17.0,0.1,88.3,23.6,52.5,19.0,23.5,12.6,fire,Andhra Pradesh
6,8,2012,30.0,54.0,14.0,3.1,70.5,11.0,9.1,1.3,10.5,0.8,not fire,Andhra Pradesh
7,8,2012,34.0,63.0,13.0,2.9,69.7,7.2,9.8,1.2,6.9,0.6,not fire,Andhra Pradesh
8,8,2012,37.0,56.0,11.0,0.0,87.4,11.2,20.2,5.2,11.0,5.9,fire,Andhra Pradesh
9,8,2012,39.0,43.0,12.0,0.0,91.7,16.5,30.9,9.6,16.4,12.7,fire,Andhra Pradesh
10,8,2012,39.0,39.0,15.0,0.2,89.3,15.8,35.4,8.2,15.8,10.7,fire,Andhra Pradesh
11,8,2012,40.0,31.0,15.0,0.0,94.2,22.5,46.3,16.6,22.4,21.6,fire,Andhra Pradesh
12,8,2012,39.0,21.0,17.0,0.4,93.0,18.4,41.5,15.5,18.4,18.8,fire,Andhra Pradesh
13,8,2012,35.0,34.0,16.0,0.2,88.3,16.9,45.1,7.5,17.5,10.5,fire,Andhra Pradesh
14,8,2012,37.0,40.0,13.0,0.0,91.9,22.3,55.5,10.8,22.3,15.7,fire,Andhra Pradesh
15,8,2012,35.0,46.0,13.0,0.3,83.9,16.9,54.2,3.5,19.0,5.5,fire,Andhra Pradesh
16,8,2012,40.0,41.0,10.0,0.1,92.0,22.6,65.1,9.5,24.2,14.8,fire,Andhra Pradesh
17,8,2012,42.0,24.0,9.0,0.0,96.0,30.3,76.4,15.7,30.4,24.0,fire,Andhra Pradesh
18,8,2012,37.0,37.0,14.0,0.0,94.3,35.9,86.8,16.0,35.9,26.3,fire,Andhra Pradesh
19,8,2012,35.0,66.0,15.0,0.1,82.7,32.7,96.8,3.3,35.5,7.7,fire,Andhra Pradesh
20,8,2012,36.0,81.0,15.0,0.0,83.7,34.4,107.0,3.8,38.1,9.0,fire,Andhra Pradesh
21,8,2012,36.0,71.0,15.0,0.0,86.0,36.9,117.1,5.1,41.3,12.2,fire,Andhra Pradesh
22,8,2012,37.0,53.0,14.0,0.0,89.5,41.1,127.5,8.0,45.5,18.1,fire,Andhra Pradesh
23,8,2012,36.0,43.0,16.0,0.0,91.2,46.1,137.7,11.5,50.2,24.5,fire,Andhra Pradesh
24,8,2012,35.0,38.0,15.0,0.0,92.1,51.3,147.7,12.2,54.9,26.9,fire,Andhra Pradesh
25,8,2012,34.0,40.0,18.0,0.0,92.1,56.3,157.5,14.3,59.5,31.1,fire,Andhra Pradesh
26,8,2012,33.0,37.0,16.0,0.0,92.2,61.3,167.2,13.1,64.0,30.3,fire,Andhra Pradesh
27,8,2012,36.0,54.0,14.0,0.0,91.0,65.9,177.3,10.0,68.0,26.1,fire,Andhra Pradesh
28,8,2012,35.0,56.0,14.0,0.4,79.2,37.0,166.0,2.1,30.6,6.1,not fire,Andhra Pradesh
29,8,2012,35.0,53.0,17.0,0.5,80.2,20.7,149.2,2.7,30.6,5.9,fire,Andhra Pradesh
30,8,2012,34.0,49.0,15.0,0.0,89.2,24.8,159.1,8.1,35.7,16.0,fire,Andhra Pradesh
31,8,2012,30.0,59.0,19.0,0.0,89.1,27.8,168.2,9.8,39.3,19.4,fire,Andhra Pradesh
1,9,2012,29.0,86.0,16.0,0.0,37.9,0.9,8.2,0.1,1.4,0.0,not fire,Andhra Pradesh
2,9,2012,28.0,67.0,19.0,0.0,75.4,2.9,16.3,2.0,4.0,0.8,not fire,Andhra Pradesh
3,9,2012,28.0,75.0,16.0,0.0,82.2,4.4,24.3,3.3,6.0,2.5,fire,Andhra Pradesh
4,9,2012,30.0,66.0,15.0,0.2,73.5,4.1,26.6,1.5,6.0,0.7,not fire,Andhra Pradesh
5,9,2012,30.0,58.0,12.0,4.1,66.1,4.0,8.4,1.0,3.9,0.4,not fire,Andhra Pradesh
6,9,2012,34.0,71.0,14.0,6.5,64.5,3.3,9.1,1.0,3.5,0.4,not fire,Andhra Pradesh
7,9,2012,31.0,62.0,15.0,0.0,83.3,5.8,17.7,3.8,6.4,3.2,fire,Andhra Pradesh
8,9,2012,30.0,88.0,14.0,0.0,82.5,6.6,26.1,3.0,8.1,2.7,fire,Andhra Pradesh
9,9,2012,30.0,80.0,15.0,0.0,83.1,7.9,34.5,3.5,10.0,3.7,fire,Andhra Pradesh
10,9,2012,29.0,74.0,15.0,1.1,59.5,4.7,8.2,0.8,4.6,0.3,not fire,Andhra Pradesh
11,9,2012,30.0,73.0,14.0,0.0,79.2,6.5,16.6,2.1,6.6,1.2,not fire,Andhra Pradesh
12,9,2012,31.0,72.0,14.0,0.0,84.2,8.3,25.2,3.8,9.1,3.9,fire,Andhra Pradesh
13,9,2012,29.0,49.0,19.0,0.0,88.6,11.5,33.4,9.1,12.4,10.3,fire,Andhra Pradesh
14,9,2012,28.0,81.0,15.0,0.0,84.6,12.6,41.5,4.3,14.3,5.7,fire,Andhra Pradesh
15,9,2012,32.0,51.0,13.0,0.0,88.7,16.0,50.2,6.9,17.8,9.8,fire,Andhra Pradesh
16,9,2012,33.0,26.0,13.0,0.0,93.9,21.2,59.2,14.2,22.4,19.3,fire,Andhra Pradesh
17,9,2012,34.0,44.0,12.0,0.0,92.5,25.2,63.3,11.2,26.2,17.5,fire,Andhra Pradesh
18,9,2012,36.0,33.0,13.0,0.1,90.6,25.8,77.8,9.0,28.2,15.4,fire,Andhra Pradesh
19,9,2012,29.0,41.0,8.0,0.1,83.9,24.9,86.0,2.7,28.9,5.6,fire,Andhra Pradesh
20,9,2012,34.0,58.0,13.0,0.2,79.5,18.7,88.0,2.1,24.4,3.8,not fire,Andhra Pradesh
21,9,2012,35.0,34.0,17.0,0.0,92.2,23.6,97.3,13.8,29.4,21.6,fire,Andhra Pradesh
22,9,2012,33.0,64.0,13.0,0.0,88.9,26.1,106.3,7.1,32.4,13.7,fire,Andhra Pradesh
23,9,2012,35.0,56.0,14.0,0.0,89.0,29.4,115.6,7.5,36.0,15.2,fire,Andhra Pradesh
24,9,2012,26.0,49.0,6.0,2.0,61.3,11.9,28.1,0.6,11.9,0.4,not fire,Andhra Pradesh
25,9,2012,28.0,70.0,15.0,0.0,79.9,13.8,36.1,2.4,14.1,3.0,not fire,Andhra Pradesh
26,9,2012,30.0,65.0,14.0,0.0,85.4,16.0,44.5,4.5,16.9,6.5,fire,Andhra Pradesh
27,9,2012,28.0,87.0,15.0,4.4,41.1,6.5,8.0,0.1,6.2,0.0,not fire,Andhra Pradesh
28,9,2012,27.0,87.0,29.0,0.5,45.9,3.5,7.9,0.4,3.4,0.2,not fire,Andhra Pradesh
29,9,2012,24.0,54.0,18.0,0.1,79.7,4.3,15.2,1.7,5.1,0.7,not fire,Andhra Pradesh
30,9,2012,24.0,64.0,15.0,0.2,67.3,3.8,16.5,1.2,4.8,0.5,not fire,Andhra Pradesh
7,8,2014,34.5,55.5,13.8,0.2,85.4,58.5,56.8,5.1,7.0,20.9,fire,Karnataka
20,6,2014,33.8,67.7,14.7,0.0,93.6,51.4,171.4,15.9,52.9,20.2,fire,Andhra Pradesh
15,8,2013,30.7,22.8,20.1,0.0,86.7,11.2,34.5,13.2,32.1,7.8,fire,Karnataka
11,7,2014,35.4,24.5,16.0,0.0,83.6,31.8,10.5,2.7,29.7,15.9,fire,Karnataka
8,9,2014,30.4,67.2,23.8,13.8,70.1,1.7,29.5,0.4,6.8,2.8,not fire,Karnataka
21,6,2014,30.9,47.9,16.4,0.0,78.2,23.9,117.8,3.0,27.1,3.0,fire,Andhra Pradesh
7,7,2014,30.0,42.4,10.6,0.0,92.4,16.2,43.5,3.3,45.1,22.5,fire,Andhra Pradesh
26,6,2014,22.4,89.8,12.9,8.7,66.3,21.9,41.0,2.8,9.1,2.3,not fire,Karnataka
19,9,2013,23.1,88.3,21.3,13.1,52.4,16.3,31.8,2.6,3.0,0.2,not fire,Andhra Pradesh
23,9,2014,32.2,29.6,19.5,0.2,84.1,15.1,175.4,12.7,36.4,18.1,fire,Karnataka
11,7,2014,38.3,33.3,21.0,0.0,81.6,45.5,23.3,2.0,21.2,15.4,fire,Karnataka
11,8,2014,40.3,60.3,17.9,0.0,84.7,64.2,16.5,16.2,41.5,14.7,fire,Karnataka
24,8,2013,38.4,47.3,19.5,0.0,83.0,40.1,201.4,5.1,44.2,20.3,fire,Karnataka
21,8,2013,32.3,61.6,24.2,14.5,37.7,6.5,53.6,0.6,21.5,1.4,not fire,Andhra Pradesh
4,7,2014,32.2,68.0,14.3,0.0,88.7,14.0,90.9,18.0,21.3,21.0,fire,Andhra Pradesh
8,6,2014,26.6,84.1,14.2,15.5,52.5,6.4,9.6,0.6,13.5,0.9,not fire,Andhra Pradesh
24,6,2013,39.8,44.3,12.0,0.0,81.0,14.2,15.8,14.0,46.8,15.8,fire,Karnataka
3,9,2014,40.0,64.5,16.0,0.0,80.0,20.5,20.1,10.5,64.0,3.1,fire,Karnataka
22,9,2013,23.7,72.8,27.9,5.1,55.4,1.7,13.3,3.5,24.2,0.0,not fire,Karnataka
21,8,2013,35.3,79.4,26.8,7.3,55.8,12.6,38.7,0.5,1.7,0.9,not fire,Andhra Pradesh
2,7,2013,38.2,31.9,17.1,0.0,90.1,31.1,192.0,4.5,48.6,26.3,fire,Karnataka
24,7,2013,41.3,57.9,15.0,0.4,88.3,5.9,205.4,13.2,47.6,8.3,fire,Andhra Pradesh
12,8,2014,37.6,42.3,16.8,0.0,96.0,6.9,215.2,8.4,59.9,24.7,fire,Andhra Pradesh
6,9,2013,29.9,82.8,26.9,6.5,45.7,16.9,45.6,2.7,20.1,1.2,not fire,Andhra Pradesh
2,9,2014,33.4,61.2,21.3,0.1,45.5,9.6,25.4,2.4,10.3,1.3,not fire,Andhra Pradesh
28,8,2014,25.3,70.1,15.9,1.2,60.6,16.9,36.4,1.6,10.1,2.4,not fire,Andhra Pradesh
21,8,2014,29.3,73.8,12.4,5.5,48.5,10.4,34.4,1.9,15.6,2.1,not fire,Andhra Pradesh
1,6,2014,33.4,82.1,28.2,0.3,38.6,0.9,37.7,3.1,6.8,2.6,not fire,Karnataka
12,6,2013,29.8,71.5,13.2,0.0,82.6,21.4,73.1,15.2,39.0,11.0,fire,Karnataka
26,9,2014,30.5,82.1,16.6,6.6,34.6,5.1,39.4,0.6,13.6,2.0,not fire,Andhra Pradesh
22,8,2014,30.4,51.6,12.1,0.0,92.5,37.6,17.2,12.3,64.9,19.4,fire,Andhra Pradesh
12,6,2013,39.6,68.7,11.7,0.0,85.4,55.2,198.8,7.5,19.9,24.6,fire,Karnataka
25,6,2014,32.6,65.4,14.1,0.0,89.2,31.6,132.4,4.4,51.4,27.0,fire,Andhra Pradesh
17,8,2014,31.8,26.2,9.3,0.0,87.8,18.1,90.9,11.6,36.3,30.6,fire,Andhra Pradesh
27,6,2014,30.8,58.5,13.9,0.0,90.5,64.5,35.2,3.3,50.6,18.8,fire,Karnataka
27,6,2014,25.8,59.8,13.5,14.3,38.4,8.6,17.1,1.2,2.7,1.5,not fire,Andhra Pradesh
10,7,2014,29.9,64.2,11.8,0.4,89.7,36.5,76.8,7.2,47.2,30.8,fire,Andhra Pradesh
28,8,2013,31.3,76.5,24.4,7.4,31.2,14.4,52.9,0.6,17.6,0.6,not fire,Andhra Pradesh
28,8,2014,36.0,26.2,14.4,0.0,90.0,52.5,204.6,5.5,30.2,6.4,fire,Karnataka
16,6,2014,41.9,71.1,15.5,0.0,89.2,9.4,168.1,3.7,57.0,24.7,fire,Karnataka
15,8,2013,38.2,23.0,12.6,0.0,79.6,61.2,125.4,6.7,30.0,15.0,fire,Karnataka
15,6,2013,36.8,48.8,20.0,0.3,93.3,16.7,205.3,3.5,56.5,13.0,fire,Andhra Pradesh
19,7,2013,34.3,87.4,25.7,12.6,44.5,2.7,25.7,0.6,17.7,1.0,not fire,Andhra Pradesh
12,8,2014,41.7,55.6,18.9,0.2,94.6,33.7,136.5,14.5,16.0,16.6,fire,Karnataka
23,8,2014,34.2,28.9,13.4,0.0,80.4,62.8,124.5,17.9,32.2,11.0,fire,Andhra Pradesh
20,8,2013,35.6,44.7,10.3,0.0,89.2,43.7,40.2,2.5,54.2,15.3,fire,Andhra Pradesh
25,8,2014,22.8,91.8,13.0,11.1,81.1,6.5,13.0,0.4,8.3,0.3,not fire,Andhra Pradesh
3,8,2013,31.7,59.2,20.7,15.9,72.0,15.6,21.0,2.2,13.6,1.2,not fire,Andhra Pradesh
5,6,2014,23.8,88.0,19.6,3.1,47.9,10.8,46.5,2.6,19.5,0.0,not fire,Andhra Pradesh
19,7,2014,34.4,47.0,9.2,0.0,80.5,36.7,53.6,1.7,20.2,30.3,fire,Karnataka
7,7,2014,39.4,72.8,14.9,0.0,86.2,55.5,28.8,9.8,14.5,11.4,fire,Andhra Pradesh
21,6,2013,38.6,46.7,13.5,0.0,92.1,58.4,210.5,14.9,24.9,22.0,fire,Karnataka
9,9,2013,28.1,65.9,26.3,0.6,76.7,11.9,37.2,2.3,22.5,1.8,not fire,Andhra Pradesh
7,7,2013,37.0,24.6,15.2,0.0,87.2,45.5,16.8,2.9,50.1,4.1,fire,Karnataka
18,9,2013,29.9,21.7,20.5,0.0,83.3,25.3,172.2,12.7,16.7,7.0,fire,Andhra Pradesh
4,8,2014,23.4,80.1,25.0,4.2,29.1,2.7,53.4,1.0,19.5,1.7,not fire,Karnataka
25,8,2014,34.0,32.1,10.5,0.0,89.6,36.3,16.9,18.0,55.3,10.5,fire,Andhra Pradesh
28,7,2014,35.7,78.1,21.9,12.0,71.8,16.7,12.3,1.2,23.3,0.6,not fire,Karnataka
14,8,2014,33.8,44.3,14.3,0.4,82.3,11.4,49.9,16.6,45.7,10.3,fire,Andhra Pradesh
18,7,2014,39.6,67.5,19.2,0.0,91.6,32.1,186.5,13.9,53.9,21.0,fire,Karnataka
26,6,2014,24.5,76.1,28.7,15.0,30.3,4.7,12.5,2.5,20.6,0.6,not fire,Andhra Pradesh
9,8,2014,35.6,66.4,17.8,0.0,87.2,22.2,127.8,13.2,60.0,20.5,fire,Karnataka
26,7,2014,32.7,62.6,19.8,0.1,41.3,18.4,54.6,0.3,10.6,2.2,not fire,Karnataka
21,6,2013,31.7,51.0,17.8,0.0,84.4,51.8,125.5,1.6,52.9,3.0,fire,Andhra Pradesh
2,8,2013,38.7,31.9,20.5,0.0,80.7,22.6,193.8,18.4,28.2,15.0,fire,Andhra Pradesh
20,6,2013,32.1,88.0,22.1,6.3,50.3,17.6,6.2,2.2,9.5,2.2,not fire,Karnataka
28,9,2014,23.3,77.6,20.2,10.3,31.5,14.8,33.5,2.0,15.5,1.9,not fire,Andhra Pradesh
15,9,2014,33.3,66.4,26.0,8.0,32.2,2.1,22.4,2.7,18.0,2.2,not fire,Karnataka
28,9,2013,35.7,44.8,10.8,0.0,79.6,17.5,134.8,14.0,67.9,29.1,fire,Karnataka
7,7,2014,31.0,71.7,22.8,12.6,34.4,10.7,47.2,1.3,14.7,1.6,not fire,Karnataka
12,6,2014,31.4,40.6,13.0,0.0,93.0,20.7,117.8,6.6,64.3,9.5,fire,Andhra Pradesh
8,9,2013,34.6,68.1,19.1,0.0,86.2,33.5,36.3,2.9,50.9,16.4,fire,Karnataka
15,7,2013,28.1,82.5,25.0,2.5,61.0,4.0,42.8,2.3,24.0,0.2,not fire,Karnataka
3,9,2014,29.7,36.2,12.1,0.2,82.5,20.6,169.0,9.1,53.9,3.9,fire,Andhra Pradesh
14,9,2014,28.8,58.2,13.1,14.5,35.5,13.6,26.1,1.2,22.6,0.1,not fire,Andhra Pradesh
17,9,2014,37.6,73.0,15.7,0.0,85.5,19.9,162.9,18.2,21.2,21.0,fire,Andhra Pradesh
4,7,2014,31.6,51.5,14.6,0.0,84.3,11.0,40.1,5.3,20.8,26.7,fire,Andhra Pradesh
18,7,2014,36.3,49.3,10.4,0.0,79.2,47.2,123.2,2.9,33.9,16.1,fire,Karnataka
8,9,2014,24.3,90.1,26.4,10.7,53.0,10.7,37.9,1.9,2.5,1.4,not fire,Karnataka
4,7,2014,33.3,73.1,12.9,12.6,38.9,7.0,14.1,1.2,19.2,1.5,not fire,Karnataka
2,6,2014,24.9,87.7,27.0,13.9,40.9,11.7,54.3,2.7,1.7,0.2,not fire,Karnataka
6,8,2013,28.5,88.8,21.2,8.0,33.7,16.7,46.3,1.3,19.6,2.7,not fire,Andhra Pradesh
22,9,2013,24.9,75.3,16.9,12.7,59.2,16.1,45.1,1.4,23.0,1.5,not fire,Karnataka
10,8,2013,24.2,81.4,25.5,5.1,74.3,22.7,19.6,3.4,4.4,0.6,not fire,Karnataka
4,8,2014,31.4,69.3,16.9,0.0,89.1,9.1,195.1,15.2,36.8,30.0,fire,Andhra Pradesh
22,6,2014,34.4,74.1,17.0,0.0,93.9,30.1,42.4,1.7,40.3,17.3,fire,Karnataka
18,8,2014,38.4,69.1,10.0,0.0,93.4,54.0,122.6,13.6,24.8,15.7,fire,Karnataka
26,9,2013,33.5,73.1,18.1,7.9,72.7,8.8,14.5,2.5,20.8,0.3,not fire,Karnataka
12,6,2013,25.4,62.0,17.9,7.2,68.4,16.5,36.4,1.2,21.2,1.3,not fire,Karnataka
2,7,2013,41.7,55.2,10.5,0.0,90.4,8.2,45.1,16.0,19.3,26.3,fire,Karnataka
10,9,2013,25.9,79.5,23.8,8.2,44.5,5.9,7.6,1.1,16.7,2.6,not fire,Karnataka
4,8,2014,34.2,83.8,25.4,10.6,42.1,22.7,38.9,2.0,3.7,1.3,not fire,Andhra Pradesh
14,8,2013,35.0,67.7,15.6,0.3,80.0,29.8,16.9,14.1,62.8,10.1,fire,Andhra Pradesh
16,8,2013,40.2,36.8,19.9,0.0,78.3,62.7,162.1,6.7,57.3,10.2,fire,Karnataka
15,7,2014,34.2,60.9,24.0,8.7,33.2,6.6,6.6,1.6,8.2,1.7,not fire,Karnataka
8,7,2013,32.9,37.2,17.9,0.1,93.3,44.7,133.8,16.7,16.7,4.3,fire,Andhra Pradesh
14,8,2014,25.4,84.8,12.6,9.3,81.8,21.5,31.6,0.2,21.0,1.7,not fire,Karnataka
23,8,2014,30.5,26.1,19.9,0.0,93.8,38.9,117.7,8.8,25.0,14.6,fire,Karnataka
28,9,2013,32.8,78.1,27.2,7.1,60.8,16.0,35.0,2.5,6.7,1.4,not fire,Karnataka
25,9,2014,23.5,70.5,20.3,10.4,79.3,15.3,42.4,1.8,16.2,0.2,not fire,Andhra Pradesh
8,7,2014,25.6,69.7,20.0,0.7,35.6,7.4,53.6,1.2,12.6,0.5,not fire,Karnataka
21,7,2014,36.9,36.2,11.5,0.0,78.1,17.4,15.8,3.3,26.3,25.3,fire,Andhra Pradesh
16,8,2013,30.0,74.9,17.0,14.9,49.4,2.8,36.2,0.4,9.3,1.4,not fire,Karnataka
13,8,2014,34.2,74.3,23.9,15.9,35.1,7.4,25.3,1.5,10.9,2.5,not fire,Andhra Pradesh
18,8,2013,38.3,53.8,12.7,0.5,92.8,4.1,142.9,2.4,21.2,3.7,fire,Andhra Pradesh
15,8,2013,30.5,81.0,13.9,6.1,52.6,9.7,11.9,1.5,19.0,0.2,not fire,Karnataka
21,9,2013,30.0,40.2,20.3,0.0,84.5,40.2,10.1,12.3,62.5,19.8,fire,Andhra Pradesh
24,7,2014,34.2,82.3,14.0,14.4,31.6,13.7,13.0,0.0,11.1,0.8,not fire,Karnataka
26,7,2013,35.3,52.2,9.5,0.0,84.2,48.5,146.3,15.9,48.6,14.5,fire,Andhra Pradesh
25,6,2013,37.7,35.9,12.7,0.0,92.4,54.2,189.8,17.1,32.2,11.2,fire,Karnataka
28,8,2014,36.6,41.0,16.2,0.0,84.7,14.2,99.3,3.9,61.1,12.0,fire,Karnataka
28,6,2013,24.2,57.9,23.0,10.2,46.4,2.4,26.1,1.1,17.3,1.7,not fire,Andhra Pradesh
28,7,2013,33.7,32.8,20.9,0.0,80.5,33.6,13.8,10.1,65.7,13.1,fire,Karnataka
13,7,2013,22.5,58.1,18.6,2.6,29.3,19.1,28.5,1.0,22.6,0.3,not fire,Karnataka
9,7,2013,41.4,38.0,19.7,0.0,95.7,21.6,211.8,8.1,29.3,11.9,fire,Andhra Pradesh
15,8,2013,36.0,29.3,15.6,0.0,93.0,30.9,72.1,5.9,17.3,3.7,fire,Karnataka
13,6,2013,33.5,35.6,20.6,0.0,88.4,12.5,102.1,12.1,35.8,13.7,fire,Karnataka
1,6,2014,35.9,87.8,22.6,9.1,61.5,5.6,25.4,0.1,12.4,1.5,not fire,Andhra Pradesh
25,8,2013,32.0,73.1,19.9,0.0,93.7,12.0,175.6,3.6,55.0,10.0,fire,Andhra Pradesh
7,7,2013,34.3,90.0,14.5,7.4,81.0,12.4,48.3,2.1,10.0,0.8,not fire,Karnataka
9,6,2014,24.8,83.7,18.6,8.2,54.6,14.7,48.4,3.4,10.8,2.3,not fire,Karnataka
24,7,2013,32.7,77.1,28.3,3.2,33.9,21.5,27.5,3.0,22.4,0.2,not fire,Andhra Pradesh
1,8,2014,40.5,45.2,15.1,0.4,78.3,33.1,153.8,13.8,48.6,5.9,fire,Andhra Pradesh
12,6,2013,32.9,40.4,18.7,0.0,95.2,4.5,219.5,13.0,57.2,10.5,fire,Karnataka
8,8,2013,22.2,82.8,26.2,11.8,35.7,19.0,43.7,2.3,19.4,2.4,not fire,Andhra Pradesh
24,6,2013,37.0,25.8,14.9,0.0,85.3,8.0,81.9,3.4,55.9,29.5,fire,Karnataka
11,6,2013,23.0,90.4,20.9,4.8,32.2,12.9,44.9,2.5,2.2,0.2,not fire,Karnataka
19,7,2013,34.2,36.9,11.8,0.0,94.7,28.7,200.1,7.0,35.0,8.6,fire,Karnataka
17,7,2013,31.0,91.3,22.3,5.7,63.0,3.7,49.5,1.8,11.8,1.6,not fire,Karnataka
8,8,2013,30.7,59.5,23.6,3.9,66.6,20.7,45.4,1.9,13.5,0.4,not fire,Karnataka
3,8,2013,32.9,66.5,20.4,4.5,35.2,16.0,8.7,2.6,8.6,0.0,not fire,Andhra Pradesh
3,9,2013,35.6,23.5,12.3,0.0,93.1,4.2,60.3,14.1,24.9,5.0,fire,Andhra Pradesh
1,7,2013,27.0,66.5,26.3,5.0,70.6,22.4,27.3,3.2,10.1,2.7,not fire,Andhra Pradesh
27,7,2013,30.2,58.1,14.9,0.0,90.7,4.3,43.4,13.6,47.0,30.0,fire,Andhra Pradesh
5,8,2014,38.9,72.3,17.4,0.0,92.1,43.3,18.2,7.6,65.3,16.5,fire,Karnataka
10,7,2014,28.1,73.0,15.6,5.9,48.0,2.0,43.6,1.5,20.7,2.4,not fire,Karnataka
7,7,2013,25.0,80.0,20.0,14.1,39.6,17.2,35.8,1.0,4.3,1.8,not fire,Karnataka
26,6,2014,32.3,68.0,23.0,6.3,66.5,5.5,49.6,1.0,9.8,0.2,not fire,Karnataka
9,6,2014,23.6,75.1,16.5,13.4,28.8,9.9,22.5,0.1,4.0,1.2,not fire,Andhra Pradesh
28,9,2013,35.4,42.8,15.4,0.0,86.4,62.8,118.0,13.0,24.6,24.4,fire,Karnataka
7,8,2014,39.0,49.1,20.7,0.0,91.9,53.2,33.5,6.0,6.1,10.5,fire,Karnataka
9,8,2014,32.8,75.1,17.9,5.9,28.1,8.0,37.7,3.4,21.3,0.1,not fire,Andhra Pradesh
8,7,2013,40.7,63.3,18.4,0.0,83.5,8.0,56.4,5.7,35.5,23.7,fire,Andhra Pradesh
12,6,2013,35.2,24.1,20.5,0.0,95.8,37.2,212.1,2.8,28.0,8.5,fire,Andhra Pradesh
2,6,2014,31.5,28.6,16.5,0.0,80.6,53.5,142.8,8.1,47.5,9.5,fire,Andhra Pradesh
1,7,2014,33.5,70.5,12.5,0.3,90.7,7.8,39.2,1.6,44.7,15.0,fire,Karnataka
16,7,2013,30.7,72.7,15.4,0.0,90.2,8.7,66.2,15.2,34.0,17.9,fire,Karnataka
23,8,2013,34.6,23.4,11.0,0.0,78.9,55.5,216.0,15.0,58.8,9.0,fire,Andhra Pradesh
23,8,2013,41.5,31.6,20.4,0.0,95.7,38.7,63.0,8.9,42.4,4.1,fire,Karnataka
24,7,2013,37.1,74.0,11.3,0.5,95.0,62.6,118.5,18.1,52.7,6.7,fire,Karnataka
5,9,2014,28.7,82.1,16.2,10.2,64.0,4.7,33.7,2.7,13.0,0.0,not fire,Karnataka
3,8,2013,29.1,40.3,20.1,0.0,82.0,23.6,187.8,13.9,11.0,14.4,fire,Andhra Pradesh
12,8,2013,29.4,47.0,16.9,0.0,85.2,60.1,218.6,2.3,52.9,12.8,fire,Karnataka
8,8,2014,27.5,83.4,27.6,15.2,59.2,9.4,44.6,0.9,14.5,1.0,not fire,Andhra Pradesh
22,7,2013,37.5,34.0,11.3,0.0,87.1,17.5,16.3,2.1,16.0,27.1,fire,Karnataka
27,6,2013,26.0,90.3,21.9,7.0,59.3,13.3,43.2,1.0,9.5,2.5,not fire,Karnataka
3,7,2014,35.3,88.2,19.1,12.5,53.7,12.8,16.0,2.1,5.5,0.9,not fire,Karnataka
1,8,2014,40.1,32.2,9.9,0.1,87.1,29.0,179.9,15.7,25.9,22.1,fire,Andhra Pradesh
3,6,2014,39.0,56.4,10.8,0.0,83.1,29.9,16.0,3.7,53.2,2.0,fire,Karnataka
5,6,2014,27.8,75.3,12.9,15.6,40.2,8.1,20.9,0.8,1.0,2.0,not fire,Andhra Pradesh
15,6,2013,35.5,64.9,23.3,11.9,73.8,11.0,20.8,1.1,18.1,2.3,not fire,Andhra Pradesh
14,6,2013,31.4,41.0,19.8,0.5,91.6,28.0,133.2,12.7,9.9,17.8,fire,Andhra Pradesh
3,9,2014,31.9,62.9,25.3,9.3,79.4,1.7,19.0,2.1,8.1,2.0,not fire,Karnataka
1,8,2013,38.9,26.5,15.2,0.0,94.8,54.5,155.8,13.6,34.1,28.7,fire,Karnataka
5,7,2013,31.7,82.5,26.6,4.4,71.6,5.4,22.9,1.2,24.5,2.4,not fire,Karnataka
26,6,2013,38.1,60.3,15.7,0.0,84.8,13.9,174.7,14.0,29.2,2.7,fire,Karnataka
23,7,2013,33.7,57.4,24.0,15.5,51.6,6.4,40.5,2.9,14.1,2.7,not fire,Andhra Pradesh
14,7,2013,22.7,74.7,24.2,13.8,37.7,20.1,33.1,1.4,4.2,2.4,not fire,Andhra Pradesh
7,6,2013,24.2,67.8,16.9,13.9,64.3,20.1,18.3,2.2,14.7,2.3,not fire,Andhra Pradesh
27,7,2013,40.8,21.7,17.1,0.0,83.2,22.7,82.8,12.1,26.0,23.2,fire,Karnataka
9,7,2013,34.3,24.7,18.4,0.0,90.3,24.3,20.0,7.9,64.5,20.6,fire,Andhra Pradesh
15,8,2014,37.7,55.1,11.4,0.0,79.8,20.9,66.6,8.8,66.8,4.0,fire,Karnataka
15,8,2014,35.7,30.7,20.6,0.0,91.3,47.0,97.6,7.4,30.0,9.7,fire,Andhra Pradesh
26,6,2014,31.7,47.1,12.2,0.0,95.4,40.8,24.3,2.8,64.9,10.6,fire,Karnataka
10,7,2014,23.3,78.0,22.6,10.4,42.4,1.1,53.3,0.9,17.2,2.0,not fire,Karnataka
28,8,2013,36.9,37.9,12.3,0.4,95.0,10.5,40.8,17.6,51.4,27.6,fire,Andhra Pradesh
13,7,2013,31.6,52.7,17.4,0.0,78.3,39.6,61.7,9.2,65.3,13.6,fire,Andhra Pradesh
19,9,2014,33.8,63.6,23.4,15.6,33.5,0.9,27.2,0.3,19.0,2.6,not fire,Andhra Pradesh
7,8,2014,28.1,66.1,19.4,11.6,28.5,15.0,36.1,2.2,6.8,2.0,not fire,Andhra Pradesh
17,6,2014,23.3,64.0,26.9,11.8,28.7,6.7,16.5,0.9,6.9,0.2,not fire,Karnataka
20,6,2013,28.4,82.6,22.3,10.8,32.4,23.8,47.1,2.8,20.8,2.6,not fire,Andhra Pradesh
4,8,2013,36.1,31.8,16.4,0.0,87.4,8.2,86.7,17.2,41.8,17.6,fire,Andhra Pradesh
5,6,2013,32.5,40.9,19.7,0.0,86.2,42.4,60.7,13.5,31.9,14.8,fire,Andhra Pradesh
23,8,2013,31.1,89.8,13.1,13.2,43.8,11.5,7.1,1.1,13.1,0.2,not fire,Karnataka
7,9,2014,28.9,89.4,13.8,12.2,50.1,16.6,18.8,0.6,4.9,0.2,not fire,Karnataka
13,8,2014,31.4,56.9,19.6,0.0,80.0,21.6,73.7,5.7,37.4,17.5,fire,Andhra Pradesh
15,7,2013,27.0,69.4,26.1,12.6,44.6,22.9,52.7,1.1,9.5,1.4,not fire,Karnataka
11,8,2014,41.2,68.3,10.2,0.0,87.1,15.8,190.1,13.0,57.8,26.9,fire,Andhra Pradesh
4,7,2014,38.7,44.7,16.3,0.0,81.2,46.3,56.7,3.5,15.4,2.1,fire,Karnataka
13,7,2013,38.3,60.5,15.2,0.0,78.3,14.1,196.9,5.6,27.3,5.1,fire,Karnataka
7,9,2013,25.1,75.2,22.3,3.9,31.1,10.2,17.5,0.8,24.0,1.7,not fire,Karnataka
27,7,2013,29.8,71.6,19.3,8.7,65.6,17.8,14.4,1.8,10.9,2.4,not fire,Karnataka
19,9,2013,37.2,49.8,10.4,0.0,84.1,12.7,154.7,5.0,29.7,28.0,fire,Andhra Pradesh
22,9,2013,24.9,74.8,19.1,0.3,70.8,2.4,29.2,2.0,16.1,1.9,not fire,Andhra Pradesh
28,6,2013,32.3,21.5,17.7,0.0,92.8,55.4,110.8,7.2,54.9,15.1,fire,Andhra Pradesh
2,6,2013,31.4,67.2,19.6,0.0,85.0,53.0,199.2,5.0,9.2,27.4,fire,Karnataka
10,6,2013,27.5,76.0,28.5,1.1,63.0,2.5,24.4,2.8,11.4,2.8,not fire,Andhra Pradesh
13,6,2014,29.8,68.2,15.7,5.6,48.1,2.4,24.1,1.6,18.3,1.8,not fire,Andhra Pradesh
25,6,2013,31.9,57.3,15.7,10.6,54.1,0.8,45.4,2.7,14.2,0.2,not fire,Andhra Pradesh
21,8,2014,32.7,77.4,25.3,12.0,71.4,13.3,12.9,2.3,15.9,2.1,not fire,Karnataka
6,6,2013,24.4,63.8,27.1,12.0,77.0,19.1,35.3,2.3,22.3,1.6,not fire,Karnataka
28,7,2014,37.2,29.4,14.7,0.0,81.6,23.1,59.2,5.2,31.8,28.3,fire,Karnataka
28,8,2013,35.6,31.1,9.9,0.0,92.8,44.2,176.8,6.1,48.6,9.7,fire,Andhra Pradesh
12,6,2013,41.2,55.4,12.9,0.0,90.5,17.3,134.2,6.0,46.7,25.6,fire,Andhra Pradesh
12,8,2014,39.1,62.1,11.3,0.0,84.6,30.4,14.6,5.9,7.1,27.5,fire,Andhra Pradesh
20,7,2014,32.2,51.1,9.5,0.0,94.2,58.2,77.0,16.8,67.8,25.9,fire,Karnataka
11,6,2014,33.8,65.7,21.8,1.1,33.1,25.0,22.0,2.6,20.4,2.4,not fire,Karnataka
26,8,2013,42.0,34.0,9.5,0.0,78.4,26.0,174.2,11.1,24.7,21.0,fire,Andhra Pradesh
23,8,2013,32.0,21.8,18.2,0.0,78.7,55.1,139.3,11.1,44.4,27.1,fire,Karnataka
28,9,2014,36.6,52.4,20.9,0.0,90.7,27.7,56.5,11.6,63.5,28.9,fire,Karnataka
25,8,2014,26.8,75.5,15.6,15.9,81.0,16.5,45.4,2.5,15.2,0.1,not fire,Karnataka
7,8,2014,34.9,57.4,17.1,0.3,81.0,34.5,154.5,13.4,45.9,10.0,fire,Karnataka
1,7,2014,24.2,79.3,22.2,2.9,66.1,11.8,38.7,2.9,5.1,0.1,not fire,Andhra Pradesh
1,6,2013,39.1,53.9,17.4,0.0,95.3,36.7,111.6,8.3,14.7,18.6,fire,Karnataka
25,8,2014,32.6,70.8,16.0,0.0,78.9,5.9,97.7,2.9,43.2,27.5,fire,Karnataka
27,8,2013,34.4,80.1,15.6,13.8,75.8,5.5,42.1,1.0,20.3,2.8,not fire,Karnataka
25,9,2013,22.4,88.4,22.6,15.6,53.1,21.3,9.1,1.2,2.6,2.7,not fire,Karnataka
20,7,2013,39.6,67.0,20.3,0.0,79.3,16.9,56.6,9.5,21.9,4.9,fire,Andhra Pradesh
13,7,2014,24.3,62.2,28.5,12.1,80.3,11.4,19.6,2.8,8.8,0.8,not fire,Andhra Pradesh
9,8,2013,32.0,28.0,12.1,0.0,79.1,16.8,179.5,4.0,26.6,27.1,fire,Karnataka
3,7,2013,31.0,25.5,14.8,0.0,92.5,12.4,131.1,10.1,14.1,20.1,fire,Karnataka
7,9,2014,25.8,74.1,13.4,7.4,44.5,20.7,8.8,1.5,12.0,2.0,not fire,Karnataka
6,9,2013,30.0,80.4,25.2,13.8,44.9,13.8,47.2,3.5,22.3,1.0,not fire,Karnataka
8,7,2014,24.7,74.1,24.6,7.9,54.1,21.1,23.7,3.0,10.8,0.9,not fire,Karnataka
27,8,2013,28.4,83.7,14.1,3.1,79.4,5.0,33.8,2.0,12.8,1.8,not fire,Karnataka
9,8,2013,25.2,76.3,18.3,10.6,35.6,14.6,15.1,1.0,6.2,0.5,not fire,Andhra Pradesh
5,6,2014,33.6,67.0,27.8,15.5,58.8,4.2,24.4,2.8,9.8,0.2,not fire,Karnataka
1,9,2013,29.8,86.6,25.5,2.8,64.3,6.1,16.7,3.1,7.0,0.7,not fire,Andhra Pradesh
19,7,2013,22.0,87.5,25.5,10.0,68.5,4.4,28.5,1.2,3.3,1.4,not fire,Andhra Pradesh
10,8,2013,34.9,58.4,17.0,3.3,40.9,22.8,28.9,1.6,19.3,0.4,not fire,Karnataka
12,7,2013,28.8,72.0,22.1,16.0,69.6,10.4,46.6,0.6,1.7,0.6,not fire,Andhra Pradesh
24,9,2014,26.8,74.9,22.5,14.6,55.5,12.9,8.5,0.1,14.2,1.2,not fire,Andhra Pradesh
15,7,2013,39.9,29.7,9.3,0.0,78.9,48.2,31.7,11.8,22.7,7.0,fire,Andhra Pradesh
27,6,2014,27.3,85.1,18.7,12.0,34.8,19.5,17.6,2.4,14.6,2.6,not fire,Andhra Pradesh
22,9,2013,27.4,59.3,12.3,13.2,56.3,19.5,17.5,1.2,1.7,2.7,not fire,Andhra Pradesh
24,6,2014,37.7,71.4,12.2,0.0,83.7,55.7,208.8,16.5,51.6,10.0,fire,Andhra Pradesh
9,7,2014,25.9,90.7,12.2,11.5,66.1,15.8,54.5,1.1,9.2,0.2,not fire,Karnataka
20,9,2014,34.8,35.1,13.1,0.5,81.3,26.7,204.9,2.6,10.8,6.7,fire,Andhra Pradesh
17,9,2013,36.7,29.1,20.6,0.0,82.4,32.7,148.3,14.3,52.5,18.8,fire,Andhra Pradesh
17,8,2013,34.7,85.6,24.9,0.9,28.4,5.9,38.5,1.4,10.7,2.5,not fire,Andhra Pradesh
26,8,2013,40.6,70.1,12.8,0.0,81.4,15.3,80.5,8.8,57.3,5.5,fire,Karnataka
20,7,2014,32.3,75.6,16.9,7.9,44.2,15.2,27.3,0.6,3.8,1.5,not fire,Andhra Pradesh
12,7,2014,34.6,69.0,24.5,10.5,78.3,20.6,33.8,2.3,22.6,1.1,not fire,Karnataka
7,7,2014,33.2,21.6,18.9,0.0,88.4,32.3,33.2,18.2,18.5,3.9,fire,Andhra Pradesh
2,8,2013,36.7,60.9,9.4,0.0,79.9,14.5,128.4,6.5,64.1,25.7,fire,Karnataka
3,8,2014,41.8,35.0,20.6,0.0,78.9,7.2,154.7,9.3,19.3,19.8,fire,Karnataka
17,8,2014,25.5,77.2,18.1,13.2,72.3,12.3,23.2,1.3,20.3,0.9,not fire,Andhra Pradesh
5,8,2013,24.9,60.0,19.9,7.7,73.4,6.1,24.7,2.8,20.8,1.1,not fire,Andhra Pradesh
17,6,2013,28.4,67.6,27.9,1.9,78.4,17.3,32.0,0.1,12.4,1.1,not fire,Karnataka
24,7,2014,31.1,56.4,20.7,0.0,79.2,29.5,32.7,11.9,64.1,21.2,fire,Andhra Pradesh
17,6,2014,23.1,69.4,21.4,6.5,73.0,20.5,36.0,1.3,7.1,0.3,not fire,Karnataka
27,7,2014,33.6,43.3,17.1,0.0,85.1,15.1,41.2,15.6,7.6,14.2,fire,Karnataka
17,7,2013,24.4,87.8,21.5,3.7,55.1,18.5,52.9,0.8,22.3,2.6,not fire,Karnataka
2,9,2014,40.9,55.3,16.6,0.0,87.6,45.3,98.8,13.9,56.9,6.2,fire,Karnataka
2,7,2013,33.7,75.9,26.4,6.9,48.5,22.9,18.3,3.0,12.6,1.4,not fire,Karnataka
28,6,2013,33.0,51.9,12.9,0.0,78.1,63.7,212.7,8.2,50.9,12.0,fire,Andhra Pradesh
22,6,2013,31.4,85.2,28.1,6.4,70.3,7.2,54.5,0.1,15.5,1.8,not fire,Karnataka
23,8,2014,37.9,27.5,20.3,0.0,82.0,22.7,123.8,8.6,15.1,7.0,fire,Karnataka
5,8,2014,27.9,83.5,27.3,1.3,49.2,3.1,6.8,2.3,15.5,0.5,not fire,Andhra Pradesh
1,6,2014,25.3,57.8,26.2,15.6,35.3,6.3,48.6,3.2,11.1,0.1,not fire,Karnataka
1,6,2013,29.5,52.0,13.7,0.0,78.2,52.0,73.0,2.2,42.1,13.5,fire,Andhra Pradesh
19,8,2014,35.6,76.0,16.7,11.4,42.7,22.7,24.4,1.9,2.2,1.2,not fire,Andhra Pradesh
2,6,2013,33.7,85.2,15.8,3.6,72.1,23.3,10.7,1.6,9.1,2.4,not fire,Andhra Pradesh
21,8,2014,30.1,32.4,18.0,0.0,86.0,24.4,91.6,10.5,15.2,18.6,fire,Karnataka
12,8,2013,39.5,62.0,10.8,0.0,84.5,28.9,152.1,2.5,7.2,13.4,fire,Karnataka
26,6,2013,31.8,63.8,22.9,4.2,75.8,22.5,20.6,0.8,10.9,0.7,not fire,Karnataka
6,6,2013,37.7,65.6,17.1,0.0,80.8,49.0,84.4,12.9,22.1,4.4,fire,Andhra Pradesh
23,9,2013,35.9,62.5,28.8,15.6,70.9,16.7,34.3,3.0,7.9,1.3,not fire,Karnataka
4,7,2014,37.1,43.2,14.1,0.0,93.3,16.3,206.1,13.2,56.9,18.1,fire,Andhra Pradesh
23,7,2014,32.9,57.6,25.9,0.6,76.1,24.8,20.4,0.7,19.4,0.7,not fire,Karnataka
11,8,2013,40.3,26.6,10.5,0.0,93.2,23.8,151.4,11.6,43.0,21.8,fire,Andhra Pradesh
24,9,2014,30.1,72.0,16.7,12.3,40.2,17.5,17.4,2.2,18.9,0.6,not fire,Karnataka
27,9,2013,22.8,61.6,22.3,13.6,30.4,18.5,22.7,1.7,23.3,0.9,not fire,Karnataka
17,8,2014,28.5,57.5,13.4,4.1,29.5,16.0,26.9,1.9,5.2,0.8,not fire,Karnataka
6,7,2014,31.3,90.8,12.9,14.2,59.2,14.4,30.5,0.2,3.2,1.7,not fire,Andhra Pradesh
24,6,2014,33.4,70.5,13.9,0.0,83.3,36.1,155.9,16.8,54.9,21.6,fire,Andhra Pradesh
5,8,2013,31.5,90.1,17.0,0.0,42.7,6.0,38.4,2.2,15.2,0.0,not fire,Karnataka
20,8,2014,38.5,38.5,17.0,0.0,80.4,9.8,184.3,17.1,45.9,5.0,fire,Karnataka
2,7,2014,34.2,60.4,18.4,0.0,90.8,25.8,62.0,1.7,39.0,26.7,fire,Andhra Pradesh
6,9,2013,41.4,51.6,15.2,0.0,84.8,41.0,90.4,5.6,11.0,11.1,fire,Andhra Pradesh
22,6,2013,30.3,30.6,20.8,0.0,93.7,64.7,131.5,15.3,25.6,10.9,fire,Andhra Pradesh
11,7,2014,27.6,80.5,23.6,5.0,35.2,16.1,12.3,2.0,17.6,2.0,not fire,Karnataka
16,6,2014,32.5,87.6,20.5,11.7,61.4,5.2,7.3,1.0,11.6,1.7,not fire,Andhra Pradesh
16,7,2014,40.0,31.6,10.5,0.0,86.6,39.7,122.8,3.0,8.6,5.1,fire,Karnataka
1,6,2014,36.6,50.4,11.8,0.0,78.7,34.4,154.1,5.8,24.4,19.8,fire,Andhra Pradesh
9,6,2014,34.6,85.3,21.9,11.7,47.7,16.3,28.8,0.7,17.8,1.6,not fire,Karnataka
28,6,2013,33.7,70.2,9.3,0.0,91.8,46.8,78.2,13.0,29.9,23.9,fire,Andhra Pradesh
27,8,2013,34.9,43.3,20.2,0.0,88.5,63.1,88.1,2.6,26.4,16.7,fire,Andhra Pradesh
6,8,2013,31.1,56.5,21.0,0.0,85.2,11.0,195.3,8.6,29.4,21.1,fire,Andhra Pradesh
16,8,2014,28.2,79.7,13.0,13.0,78.8,16.5,52.8,0.5,12.5,1.7,not fire,Andhra Pradesh
3,9,2013,30.1,71.1,17.7,2.0,49.2,4.7,42.0,0.7,2.4,1.5,not fire,Andhra Pradesh
20,7,2014,36.7,68.1,15.9,0.0,87.7,8.8,128.0,16.9,30.0,10.6,fire,Karnataka
28,7,2014,30.9,29.2,14.2,0.0,94.9,50.1,132.4,15.6,10.1,15.8,fire,Andhra Pradesh
27,9,2014,30.8,86.0,25.3,4.4,78.8,3.7,48.9,3.4,5.3,2.0,not fire,Andhra Pradesh
4,6,2013,22.6,71.2,20.8,9.3,78.5,17.0,29.6,2.8,23.8,0.1,not fire,Andhra Pradesh
19,9,2014,41.8,25.7,18.8,0.0,85.9,43.3,88.8,2.4,42.8,28.2,fire,Karnataka
26,6,2013,27.4,64.6,19.5,0.8,72.3,20.8,34.8,1.2,20.2,1.6,not fire,Andhra Pradesh
3,9,2014,39.7,55.1,18.4,0.0,95.2,37.0,136.3,5.2,44.4,18.6,fire,Karnataka
19,6,2013,31.4,24.2,16.3,0.0,82.1,44.7,25.0,9.0,15.3,7.3,fire,Andhra Pradesh
20,9,2013,24.8,70.5,12.9,6.4,55.6,12.4,24.8,2.9,4.5,1.4,not fire,Andhra Pradesh
2,9,2016,31.5,63.1,16.4,6.1,62.3,13.3,25.3,1.1,4.6,2.1,not fire,Andhra Pradesh
4,6,2016,25.7,60.5,16.3,1.7,71.2,6.8,13.1,1.0,23.2,1.7,not fire,Andhra Pradesh
26,7,2015,39.7,70.3,19.6,0.0,88.1,24.4,69.6,10.4,16.0,26.9,fire,Karnataka
9,6,2016,29.1,88.4,13.9,2.6,52.3,15.9,37.9,3.2,20.8,2.0,not fire,Andhra Pradesh
10,7,2016,29.4,74.1,21.4,13.0,43.7,22.2,24.3,1.0,21.1,1.9,not fire,Andhra Pradesh
9,8,2016,32.4,86.3,19.3,8.1,56.8,11.5,15.5,0.5,8.1,2.8,not fire,Karnataka
19,7,2016,29.8,56.7,15.6,0.0,81.7,43.3,165.2,17.5,43.4,27.5,fire,Andhra Pradesh
5,7,2016,30.9,67.8,10.9,0.0,89.1,36.9,178.3,6.1,63.4,9.9,fire,Andhra Pradesh
6,7,2015,25.4,70.2,24.7,6.6,67.7,22.3,54.7,3.0,21.5,1.2,not fire,Andhra Pradesh
21,6,2015,32.6,67.9,20.8,0.2,89.5,36.5,110.7,18.3,24.4,4.2,fire,Andhra Pradesh
2,8,2015,36.9,56.0,15.4,0.0,94.8,38.0,18.4,18.4,7.0,24.9,fire,Karnataka
24,8,2016,34.9,38.8,15.9,0.0,85.6,46.6,206.4,13.2,56.5,24.6,fire,Andhra Pradesh
4,8,2015,22.1,91.2,25.9,5.1,71.3,7.9,12.6,0.8,2.9,1.3,not fire,Andhra Pradesh
24,9,2016,37.6,49.8,15.3,0.0,84.9,31.7,84.2,17.7,57.9,7.5,fire,Karnataka
18,6,2015,36.0,71.8,16.0,0.0,82.9,54.7,179.6,12.5,54.3,6.7,fire,Karnataka
2,6,2016,32.1,38.8,10.1,0.0,78.0,24.2,144.0,13.1,49.7,28.6,fire,Andhra Pradesh
17,8,2015,30.6,41.7,11.5,0.0,81.1,33.7,16.5,10.0,67.1,28.9,fire,Karnataka
28,8,2016,24.7,72.2,19.1,2.3,74.7,17.4,52.2,2.9,12.2,0.9,not fire,Karnataka
7,7,2015,35.8,57.1,13.6,0.2,89.1,42.2,131.0,16.1,49.2,18.3,fire,Karnataka
12,8,2016,36.2,74.5,14.6,0.0,96.0,37.3,166.4,4.5,58.6,12.7,fire,Karnataka
21,8,2015,37.6,46.0,17.9,0.0,88.1,51.9,149.4,9.9,31.0,6.3,fire,Andhra Pradesh
24,8,2015,33.8,61.2,28.1,5.0,75.5,13.2,6.2,2.2,1.1,0.6,not fire,Andhra Pradesh
3,8,2016,38.1,21.0,19.5,0.0,84.5,58.0,122.3,6.4,59.8,11.2,fire,Andhra Pradesh
1,6,2015,30.7,67.5,18.5,0.0,90.2,58.9,36.7,13.5,48.5,21.8,fire,Karnataka
13,8,2016,32.1,45.3,17.2,0.0,80.9,64.0,61.5,14.9,55.4,15.4,fire,Karnataka
9,7,2015,38.7,35.6,17.0,0.0,94.3,16.1,209.0,13.5,63.7,8.0,fire,Karnataka
9,8,2016,35.9,24.3,11.7,0.0,78.4,32.6,56.4,12.2,37.3,12.2,fire,Karnataka
21,8,2015,32.4,40.9,11.3,0.0,93.3,12.1,13.8,14.3,52.0,27.1,fire,Karnataka
26,8,2016,39.1,22.4,11.9,0.0,92.5,57.1,115.0,10.5,18.1,11.6,fire,Karnataka
28,8,2015,30.8,70.1,24.4,4.0,41.6,19.1,43.9,0.1,21.2,1.8,not fire,Andhra Pradesh
8,6,2015,36.4,37.7,10.0,0.0,93.1,16.7,43.1,9.5,31.3,27.1,fire,Karnataka
16,6,2015,23.0,64.3,22.1,4.0,80.7,22.6,29.2,3.1,11.2,1.1,not fire,Andhra Pradesh
27,7,2016,31.2,40.9,17.6,0.1,87.3,34.5,134.3,17.4,31.2,9.1,fire,Karnataka
16,9,2016,31.4,42.1,17.3,0.0,80.0,28.3,87.6,11.8,48.1,25.4,fire,Karnataka
28,8,2015,32.9,87.5,18.1,12.6,41.8,20.4,17.8,2.8,21.3,0.4,not fire,Karnataka
6,6,2015,30.6,42.6,12.6,0.6,85.4,57.4,185.7,17.8,9.8,10.2,fire,Andhra Pradesh
15,8,2015,29.9,87.6,13.8,5.0,30.9,8.3,33.2,3.1,12.6,1.4,not fire,Karnataka
5,8,2015,41.5,39.4,16.8,0.0,83.9,21.9,60.4,2.9,23.3,3.5,fire,Karnataka
13,9,2016,33.8,41.2,14.6,0.0,83.8,47.3,124.1,17.6,67.6,28.6,fire,Andhra Pradesh
26,6,2015,29.6,69.9,16.8,0.0,93.0,62.1,118.7,1.9,7.4,16.6,fire,Andhra Pradesh
18,9,2016,39.6,60.6,10.6,0.0,80.3,7.2,82.7,4.1,58.6,8.2,fire,Karnataka
10,6,2015,24.5,82.6,17.1,5.4,57.8,3.0,35.5,3.2,4.9,2.6,not fire,Andhra Pradesh
1,6,2015,31.4,52.2,16.7,0.0,95.5,35.4,216.9,15.6,34.1,22.0,fire,Karnataka
22,8,2015,29.9,60.5,11.0,0.0,79.6,37.8,110.0,11.8,56.4,24.6,fire,Andhra Pradesh
16,6,2016,36.5,30.3,11.2,0.0,87.0,14.6,168.3,17.1,35.5,19.2,fire,Karnataka
10,8,2016,33.1,86.5,16.0,4.3,44.2,10.2,38.8,2.3,13.7,1.0,not fire,Andhra Pradesh
4,6,2016,30.1,66.0,23.6,12.3,43.6,22.7,51.8,3.3,19.3,0.8,not fire,Karnataka
20,6,2015,22.3,60.8,26.5,1.4,80.1,17.3,41.1,1.9,14.3,1.5,not fire,Andhra Pradesh
23,8,2015,40.9,22.4,20.5,0.0,89.2,37.3,87.7,17.6,32.9,6.3,fire,Karnataka
27,9,2016,31.0,79.7,14.1,0.4,43.5,20.0,52.4,3.0,4.9,2.2,not fire,Andhra Pradesh
19,8,2016,30.1,66.3,28.1,2.6,53.5,7.4,18.7,3.2,21.7,1.5,not fire,Andhra Pradesh
28,8,2015,24.1,67.5,13.3,12.9,33.1,23.3,28.0,2.1,2.8,2.4,not fire,Andhra Pradesh
6,9,2016,28.3,75.4,18.9,13.2,71.9,24.2,10.5,2.5,14.9,0.2,not fire,Andhra Pradesh
13,7,2015,23.8,79.0,23.6,14.7,44.2,18.2,38.6,1.1,15.0,1.1,not fire,Andhra Pradesh
1,7,2016,32.1,69.5,20.7,0.0,89.5,54.4,126.7,2.8,56.1,22.1,fire,Andhra Pradesh
22,8,2015,38.6,39.8,13.7,0.0,90.7,44.8,211.4,7.2,38.0,8.4,fire,Karnataka
28,8,2015,35.2,84.2,20.6,1.6,32.0,3.0,18.7,2.1,21.1,1.5,not fire,Andhra Pradesh
2,8,2016,31.4,43.5,17.8,0.0,83.8,42.5,114.9,4.0,20.4,4.4,fire,Andhra Pradesh
13,8,2015,32.4,66.6,21.8,9.3,72.8,14.4,42.1,0.4,18.9,1.7,not fire,Andhra Pradesh
12,8,2016,30.9,68.0,9.2,0.0,82.2,42.6,62.2,4.7,62.9,26.4,fire,Karnataka
19,6,2016,33.7,34.7,15.0,0.0,91.4,36.6,155.8,2.2,7.4,2.5,fire,Andhra Pradesh
12,6,2016,28.5,74.4,26.5,3.4,69.9,24.0,8.8,1.8,16.5,2.0,not fire,Karnataka
18,7,2016,32.8,23.8,18.0,0.0,82.0,22.6,43.9,10.5,9.6,21.3,fire,Andhra Pradesh
10,9,2016,31.7,73.8,12.6,0.0,95.2,6.9,197.2,9.3,55.6,28.9,fire,Andhra Pradesh
28,8,2016,32.6,74.0,19.7,13.6,80.6,14.1,10.6,2.4,11.5,0.3,not fire,Karnataka
2,6,2016,34.4,68.7,23.3,1.8,79.8,18.8,17.4,1.9,11.6,1.8,not fire,Andhra Pradesh
13,6,2016,42.0,70.6,14.3,0.0,92.8,19.6,44.9,12.9,30.9,17.1,fire,Andhra Pradesh
14,8,2015,29.5,21.6,9.1,0.0,89.5,47.7,203.5,12.9,41.0,22.5,fire,Andhra Pradesh
13,8,2016,37.8,56.3,14.7,0.0,84.8,33.8,162.8,13.3,41.1,14.0,fire,Karnataka
4,8,2015,41.0,51.6,17.9,0.0,87.4,50.9,94.1,18.2,49.6,18.5,fire,Karnataka
25,6,2015,26.4,67.3,23.1,10.0,65.0,1.2,19.0,3.2,23.0,1.7,not fire,Karnataka
9,7,2015,32.1,60.3,24.6,8.9,61.7,17.2,48.3,0.6,9.1,1.2,not fire,Karnataka
10,8,2016,26.4,89.1,27.7,14.4,56.7,4.1,15.5,2.4,6.4,0.5,not fire,Karnataka
19,6,2016,30.5,90.5,22.3,0.2,59.8,17.1,11.7,2.6,5.3,2.4,not fire,Karnataka
26,6,2016,35.9,58.3,20.7,8.1,54.7,4.6,26.3,3.3,21.9,0.8,not fire,Karnataka
9,7,2016,31.7,75.0,15.4,0.0,94.3,34.9,128.6,16.6,12.7,10.1,fire,Andhra Pradesh
12,7,2015,33.2,61.8,23.4,9.8,79.8,7.7,45.0,3.2,13.6,0.7,not fire,Andhra Pradesh
1,9,2016,39.1,34.9,17.5,0.0,78.5,31.3,120.0,9.6,54.0,11.7,fire,Andhra Pradesh
24,6,2015,30.1,22.9,19.3,0.0,88.1,60.3,23.1,8.0,25.3,26.5,fire,Andhra Pradesh
12,7,2015,32.8,25.1,15.6,0.0,78.9,23.1,35.8,5.1,39.3,6.4,fire,Andhra Pradesh
4,8,2015,26.7,81.5,23.0,2.9,74.0,15.8,29.7,0.1,17.3,1.9,not fire,Karnataka
19,6,2016,37.7,47.9,9.7,0.0,91.0,36.2,90.8,17.3,46.5,18.7,fire,Karnataka
17,8,2015,35.4,24.7,14.3,0.0,90.3,41.9,143.3,7.2,55.8,17.9,fire,Karnataka
7,6,2016,32.7,60.7,14.7,0.0,79.1,26.1,144.4,6.6,30.2,3.2,fire,Andhra Pradesh
17,9,2016,41.2,26.3,10.7,0.1,81.1,37.1,96.2,14.5,67.5,28.9,fire,Karnataka
3,6,2015,31.9,76.4,12.9,10.5,54.3,22.8,13.2,0.4,23.0,1.7,not fire,Karnataka
28,6,2016,36.9,43.2,9.1,0.0,82.9,58.2,171.8,9.9,16.9,9.8,fire,Andhra Pradesh
11,8,2015,36.2,41.0,16.2,0.0,90.2,33.5,154.9,4.2,39.8,2.0,fire,Andhra Pradesh
20,8,2016,33.2,76.9,13.0,4.8,50.0,8.9,19.9,3.4,7.6,2.6,not fire,Andhra Pradesh
19,7,2016,35.8,30.6,10.1,0.0,78.8,21.6,60.7,16.8,54.3,2.6,fire,Karnataka
9,7,2015,29.1,34.5,18.2,0.0,86.7,43.6,126.5,2.9,17.9,22.3,fire,Andhra Pradesh
28,8,2015,24.2,59.2,20.0,10.6,44.7,7.0,31.1,1.7,13.7,0.4,not fire,Andhra Pradesh
27,7,2016,36.5,62.0,9.1,0.4,94.8,27.7,170.3,17.1,25.1,30.5,fire,Karnataka
4,7,2016,41.0,33.9,15.8,0.0,95.6,7.2,52.3,17.8,6.7,6.8,fire,Andhra Pradesh
14,7,2016,34.1,90.7,16.9,0.3,30.8,16.3,42.2,2.1,24.6,0.6,not fire,Andhra Pradesh
22,7,2016,40.2,38.4,10.5,0.0,80.9,42.8,71.1,4.9,37.3,22.6,fire,Andhra Pradesh
22,7,2015,27.9,61.2,22.9,1.3,56.4,2.1,37.4,2.0,19.6,0.2,not fire,Andhra Pradesh
10,8,2015,32.7,75.6,22.0,5.4,70.3,5.1,18.7,2.7,10.7,2.7,not fire,Andhra Pradesh
13,8,2015,34.9,38.1,12.8,0.0,80.8,55.5,77.3,9.0,58.8,22.3,fire,Andhra Pradesh
5,8,2016,35.0,74.6,25.1,0.2,54.6,8.6,39.8,0.7,8.3,1.7,not fire,Andhra Pradesh
2,8,2015,30.1,64.4,26.0,14.7,29.4,5.7,36.1,0.0,7.4,1.7,not fire,Andhra Pradesh
14,9,2016,36.0,21.1,13.6,0.5,95.7,19.1,9.8,5.8,46.3,11.8,fire,Karnataka
12,9,2016,31.4,89.3,22.8,1.8,61.4,9.2,12.5,2.9,22.1,0.6,not fire,Andhra Pradesh
12,9,2015,36.0,39.0,15.2,0.0,88.5,10.1,104.7,7.9,60.8,12.2,fire,Karnataka
13,6,2016,25.7,77.9,12.3,13.7,30.9,22.6,31.9,1.8,17.3,2.0,not fire,Karnataka
5,7,2016,27.8,71.4,23.6,7.8,61.9,9.3,33.6,2.9,10.8,1.1,not fire,Andhra Pradesh
10,8,2015,25.7,77.0,27.1,0.4,51.5,18.7,29.4,3.3,8.8,2.1,not fire,Andhra Pradesh
24,7,2016,37.6,47.5,10.0,0.0,92.5,10.1,101.7,9.1,45.9,3.2,fire,Karnataka
23,8,2016,37.3,23.4,12.1,0.4,91.7,41.1,173.4,2.6,20.3,25.8,fire,Andhra Pradesh
28,9,2015,37.8,41.4,16.5,0.0,90.7,26.5,117.9,11.3,49.3,3.6,fire,Karnataka
28,6,2015,30.0,88.6,12.0,0.3,81.7,10.0,32.4,1.3,21.6,1.3,not fire,Andhra Pradesh
6,7,2016,33.3,63.0,13.6,0.0,89.3,22.8,106.9,10.0,30.2,13.5,fire,Karnataka
24,9,2015,36.8,70.0,14.2,0.0,95.2,17.1,90.2,7.6,26.0,25.8,fire,Andhra Pradesh
11,7,2015,31.3,39.3,19.3,0.0,85.3,8.7,101.2,17.5,20.9,17.5,fire,Andhra Pradesh
28,7,2015,34.4,64.1,26.5,14.5,61.7,12.5,20.0,1.2,11.6,1.3,not fire,Andhra Pradesh
6,9,2016,38.7,43.1,18.1,0.3,83.4,31.5,175.1,15.8,7.8,24.4,fire,Andhra Pradesh
1,6,2016,35.7,80.0,20.4,0.6,54.5,22.0,13.4,3.3,10.4,1.5,not fire,Andhra Pradesh
4,6,2015,32.9,23.2,18.0,0.0,79.2,57.6,152.2,8.4,49.8,13.4,fire,Karnataka
8,6,2016,30.3,60.8,12.3,3.5,78.1,3.0,45.7,2.5,5.9,1.3,not fire,Karnataka
14,9,2016,37.3,74.3,13.2,0.0,83.0,59.6,43.4,8.7,47.9,28.3,fire,Andhra Pradesh
28,6,2016,28.3,62.9,23.5,10.2,60.0,18.8,31.0,3.1,19.2,0.8,not fire,Karnataka
10,7,2015,28.9,64.6,28.0,11.4,52.0,1.8,36.2,2.2,9.0,2.4,not fire,Andhra Pradesh
6,9,2015,31.9,85.8,17.9,10.0,64.1,4.6,15.6,1.4,20.5,2.7,not fire,Karnataka
14,7,2016,37.9,68.3,15.8,0.3,81.0,26.4,204.4,15.7,36.0,17.6,fire,Karnataka
8,6,2016,29.4,58.2,19.1,0.0,92.4,18.8,197.3,12.5,22.5,21.1,fire,Karnataka
24,7,2015,37.7,39.7,19.1,0.5,86.4,13.8,184.2,9.7,43.0,30.6,fire,Karnataka
25,6,2016,32.1,53.2,19.1,0.0,93.4,22.7,110.4,14.8,29.5,6.9,fire,Karnataka
25,8,2015,31.2,67.1,12.1,0.0,83.6,54.2,210.4,13.3,64.1,5.6,fire,Andhra Pradesh
17,7,2015,28.1,91.1,13.3,10.7,33.3,13.8,53.5,0.8,15.5,0.6,not fire,Andhra Pradesh
15,7,2016,31.4,68.0,20.8,13.7,29.3,24.5,8.4,3.2,5.2,0.6,not fire,Andhra Pradesh
3,8,2015,37.4,43.0,18.5,0.0,88.1,24.6,98.0,4.0,7.9,8.8,fire,Andhra Pradesh
4,9,2016,41.8,57.3,16.4,0.0,89.6,11.7,198.2,11.2,5.6,8.4,fire,Karnataka
21,7,2015,28.1,85.1,17.2,15.9,29.1,4.6,14.4,0.1,6.6,1.6,not fire,Karnataka
1,7,2015,24.9,72.1,20.7,7.5,81.4,1.7,34.2,0.5,7.7,1.5,not fire,Karnataka
9,9,2015,30.1,44.6,21.0,0.0,87.2,56.0,160.0,9.1,11.0,17.1,fire,Karnataka
28,9,2016,24.1,88.6,27.9,4.6,79.7,8.1,43.3,0.9,11.5,0.8,not fire,Andhra Pradesh
1,8,2015,38.7,22.7,17.4,0.0,90.3,51.0,107.4,2.2,26.8,8.1,fire,Karnataka
15,8,2016,40.9,69.8,16.4,0.0,81.3,19.0,8.4,15.0,23.8,16.5,fire,Andhra Pradesh
10,7,2015,31.1,72.9,13.7,0.0,84.9,48.1,183.4,1.8,63.1,30.5,fire,Andhra Pradesh
27,9,2016,28.8,62.7,24.1,5.8,55.7,13.4,47.1,0.4,8.5,1.3,not fire,Karnataka
1,7,2016,34.2,33.4,20.8,0.5,88.4,18.5,142.2,13.8,45.2,23.7,fire,Andhra Pradesh
25,7,2016,22.4,89.2,12.5,4.2,43.4,17.0,22.6,1.5,16.1,2.5,not fire,Andhra Pradesh
5,6,2015,30.2,59.2,10.8,0.0,85.8,12.2,100.9,15.5,42.5,31.0,fire,Karnataka
28,7,2015,22.3,70.4,16.7,1.1,62.9,24.3,44.5,3.0,24.2,1.7,not fire,Andhra Pradesh
18,7,2015,35.6,79.7,15.5,8.7,53.8,13.3,54.1,2.9,4.6,0.2,not fire,Andhra Pradesh
14,6,2016,33.7,81.4,26.8,7.3,50.1,0.9,33.4,0.6,13.7,1.6,not fire,Andhra Pradesh
17,7,2016,26.2,69.4,21.6,11.3,70.0,24.5,27.4,1.6,3.1,1.0,not fire,Karnataka
24,7,2015,28.6,85.7,13.2,2.4,30.4,11.8,15.3,3.1,17.7,2.7,not fire,Karnataka
26,9,2016,39.4,42.1,9.3,0.0,87.6,32.0,105.7,7.2,53.8,20.6,fire,Andhra Pradesh
19,9,2016,27.6,65.3,26.4,2.5,81.7,24.9,23.0,0.5,7.1,1.5,not fire,Karnataka
11,6,2016,30.2,79.4,19.6,4.3,66.6,11.2,21.0,3.1,1.7,1.8,not fire,Karnataka
27,7,2015,34.5,74.4,17.2,9.7,42.2,16.2,17.5,1.9,1.1,2.6,not fire,Karnataka
24,8,2016,32.6,68.9,26.0,3.8,80.9,3.9,12.5,2.2,13.3,0.9,not fire,Andhra Pradesh
23,8,2016,34.1,72.8,9.6,0.0,87.9,50.2,166.7,1.8,33.3,10.1,fire,Karnataka
11,8,2016,25.3,61.6,14.3,1.4,78.0,16.1,9.0,3.0,15.2,2.3,not fire,Karnataka
13,9,2015,22.3,70.5,16.9,3.3,59.1,19.0,48.4,2.1,8.7,1.9,not fire,Andhra Pradesh
2,7,2015,33.1,62.8,27.6,8.0,52.9,16.2,44.4,1.3,4.4,1.7,not fire,Karnataka
21,8,2016,35.7,26.3,17.4,0.0,83.2,51.9,147.1,15.9,38.7,23.0,fire,Karnataka
19,8,2016,32.4,56.6,9.8,0.3,83.0,5.4,59.1,15.4,39.5,22.4,fire,Andhra Pradesh
7,6,2016,29.7,27.8,11.8,0.0,95.6,47.6,19.0,16.9,32.4,13.8,fire,Karnataka
25,8,2016,30.7,77.3,23.2,8.7,31.1,14.0,49.6,0.8,14.8,1.6,not fire,Andhra Pradesh
19,6,2016,26.1,60.3,28.6,1.6,39.8,2.9,9.8,1.9,23.6,0.1,not fire,Andhra Pradesh
14,6,2015,40.4,42.6,10.1,0.0,80.0,5.5,71.5,17.7,22.2,11.5,fire,Andhra Pradesh
28,6,2015,34.5,44.8,21.0,0.0,88.0,5.6,209.7,8.9,43.5,9.7,fire,Karnataka
3,6,2015,33.5,72.3,12.9,0.0,82.3,48.3,53.2,18.0,60.3,12.3,fire,Karnataka
8,9,2015,38.0,34.9,10.5,0.0,87.3,40.2,186.2,16.5,18.9,23.7,fire,Andhra Pradesh
3,9,2016,25.6,84.1,27.3,13.0,73.8,22.6,23.8,1.6,14.1,2.8,not fire,Karnataka
4,7,2015,37.3,61.4,18.6,0.0,82.4,53.8,88.4,8.9,51.3,6.6,fire,Andhra Pradesh
16,9,2016,29.7,52.3,9.4,0.0,95.7,30.1,53.1,17.8,36.4,19.3,fire,Karnataka
11,6,2016,39.6,29.5,10.3,0.4,83.1,40.4,207.4,6.2,63.6,17.0,fire,Karnataka
3,6,2015,22.1,70.0,19.5,5.2,45.0,10.9,45.1,3.4,14.5,1.7,not fire,Andhra Pradesh
27,7,2015,36.4,37.6,19.6,0.0,94.2,8.4,38.2,11.1,64.9,25.3,fire,Andhra Pradesh
7,6,2015,27.4,73.5,24.6,6.0,33.6,21.9,34.2,2.9,6.9,2.6,not fire,Andhra Pradesh
2,7,2016,38.2,24.7,11.2,0.0,85.9,21.8,67.8,2.8,53.7,22.3,fire,Andhra Pradesh
12,8,2016,35.3,80.6,20.9,5.4,45.2,14.9,17.6,1.7,16.8,0.3,not fire,Andhra Pradesh
7,8,2015,29.0,81.3,27.8,3.3,78.8,15.3,31.4,3.4,3.3,1.7,not fire,Andhra Pradesh
16,8,2016,32.4,33.2,16.6,0.0,81.0,10.1,208.7,6.4,14.3,3.3,fire,Andhra Pradesh
4,9,2016,26.0,72.9,26.1,8.4,35.7,24.5,32.1,3.2,2.2,0.7,not fire,Andhra Pradesh
12,7,2015,34.1,62.8,18.5,9.0,79.2,5.0,25.4,2.5,7.6,2.7,not fire,Karnataka
27,8,2016,31.0,68.7,18.5,10.1,55.8,1.6,8.0,2.0,19.4,2.6,not fire,Andhra Pradesh
